1000,"{4: 12, 5: 283, 6: 178, 7: 124, 8: 77, 9: 66, 10: 41, 11: 34, 12: 24, 13: 26, 14: 11, 15: 12, 16: 9, 17: 17, 18: 8, 19: 8, 20: 9, 21: 2, 22: 6, 23: 5, 24: 2, 25: 7, 26: 1, 27: 3, 28: 6, 29: 4, 30: 2, 31: 4, 33: 1, 35: 1, 36: 1, 39: 2, 41: 2, 42: 2, 44: 1, 48: 1, 52: 1, 68: 1, 75: 1, 78: 1, 89: 2, 96: 1, 338: 1}"
1000,"{4: 14, 5: 278, 6: 180, 7: 124, 8: 80, 9: 62, 10: 50, 11: 28, 12: 18, 13: 29, 14: 15, 15: 10, 16: 17, 17: 11, 18: 9, 19: 7, 20: 7, 21: 7, 22: 2, 23: 3, 24: 7, 25: 2, 26: 3, 27: 1, 28: 2, 29: 5, 30: 1, 32: 2, 33: 2, 35: 2, 37: 2, 39: 1, 41: 2, 42: 1, 43: 1, 44: 1, 48: 1, 52: 2, 53: 1, 54: 3, 57: 1, 61: 1, 68: 1, 69: 1, 76: 1, 160: 1, 294: 1}"
1000,"{4: 6, 5: 280, 6: 170, 7: 114, 8: 93, 9: 71, 10: 41, 11: 46, 12: 23, 13: 15, 14: 24, 15: 14, 16: 12, 17: 6, 18: 11, 19: 9, 20: 9, 21: 3, 22: 2, 23: 8, 24: 4, 26: 4, 27: 3, 28: 1, 29: 3, 30: 2, 31: 3, 32: 1, 34: 1, 35: 1, 37: 2, 40: 1, 42: 1, 43: 1, 44: 1, 46: 1, 47: 1, 48: 1, 50: 2, 54: 1, 55: 1, 60: 1, 62: 1, 71: 1, 99: 1, 164: 1, 167: 1, 192: 1}"
1000,"{4: 13, 5: 279, 6: 193, 7: 104, 8: 92, 9: 52, 10: 39, 11: 32, 12: 39, 13: 23, 14: 13, 15: 14, 16: 9, 17: 7, 18: 6, 19: 7, 20: 10, 21: 6, 22: 5, 23: 6, 24: 1, 25: 6, 26: 6, 27: 2, 28: 1, 29: 3, 30: 2, 31: 1, 32: 4, 33: 1, 34: 2, 35: 2, 37: 2, 38: 2, 40: 3, 43: 1, 45: 1, 51: 1, 55: 1, 57: 1, 58: 1, 67: 2, 70: 1, 72: 1, 100: 1, 118: 1, 266: 1}"
1000,"{4: 8, 5: 277, 6: 175, 7: 119, 8: 90, 9: 56, 10: 48, 11: 40, 12: 31, 13: 15, 14: 16, 15: 13, 16: 16, 17: 13, 18: 12, 19: 10, 20: 2, 21: 2, 22: 6, 23: 5, 25: 1, 26: 4, 27: 5, 28: 2, 29: 1, 30: 2, 31: 2, 32: 1, 34: 5, 35: 3, 37: 2, 39: 2, 41: 1, 43: 2, 44: 1, 46: 1, 47: 1, 50: 1, 53: 1, 56: 3, 60: 2, 83: 1, 211: 1, 248: 1}"
1000,"{3: 1, 4: 15, 5: 284, 6: 172, 7: 122, 8: 80, 9: 60, 10: 45, 11: 26, 12: 31, 13: 27, 14: 18, 15: 12, 16: 12, 17: 8, 18: 10, 19: 8, 20: 7, 21: 1, 22: 8, 23: 5, 24: 2, 25: 6, 26: 3, 27: 3, 28: 2, 29: 1, 30: 6, 31: 2, 32: 2, 33: 1, 34: 4, 35: 1, 38: 1, 42: 1, 43: 2, 46: 1, 48: 1, 56: 1, 57: 1, 59: 1, 76: 1, 82: 1, 84: 1, 107: 1, 137: 1, 294: 1}"
1000,"{4: 23, 5: 266, 6: 172, 7: 134, 8: 86, 9: 52, 10: 44, 11: 31, 12: 23, 13: 19, 14: 21, 15: 15, 16: 12, 17: 12, 18: 8, 19: 9, 20: 13, 21: 3, 22: 5, 23: 6, 24: 4, 25: 4, 26: 3, 27: 2, 28: 1, 29: 5, 30: 4, 31: 5, 32: 2, 33: 2, 35: 2, 36: 1, 39: 1, 48: 2, 51: 1, 53: 1, 62: 1, 65: 1, 69: 1, 79: 1, 171: 1, 303: 1}"
1000,"{4: 6, 5: 297, 6: 164, 7: 129, 8: 73, 9: 64, 10: 40, 11: 36, 12: 35, 13: 15, 14: 12, 15: 16, 16: 14, 17: 11, 18: 10, 19: 10, 20: 7, 21: 6, 22: 6, 23: 2, 25: 3, 26: 5, 27: 6, 28: 1, 29: 1, 30: 2, 32: 1, 33: 1, 34: 1, 35: 1, 36: 3, 39: 1, 40: 1, 41: 1, 42: 1, 43: 1, 44: 1, 45: 1, 47: 1, 48: 2, 51: 1, 55: 1, 57: 2, 58: 1, 60: 1, 61: 1, 68: 1, 74: 1, 93: 1, 128: 1, 247: 1}"
1000,"{4: 12, 5: 273, 6: 188, 7: 132, 8: 68, 9: 61, 10: 41, 11: 34, 12: 24, 13: 26, 14: 19, 15: 18, 16: 15, 17: 8, 18: 7, 19: 5, 20: 10, 21: 4, 22: 3, 23: 6, 24: 4, 25: 1, 26: 2, 27: 4, 28: 1, 29: 4, 30: 2, 31: 1, 33: 1, 34: 3, 35: 2, 37: 2, 38: 2, 39: 1, 40: 1, 42: 1, 44: 2, 50: 2, 55: 1, 56: 1, 57: 1, 68: 1, 69: 1, 81: 1, 82: 1, 107: 1, 122: 1, 261: 1}"
1000,"{3: 1, 4: 7, 5: 300, 6: 187, 7: 110, 8: 76, 9: 58, 10: 45, 11: 25, 12: 26, 13: 23, 14: 15, 15: 14, 16: 13, 17: 14, 18: 10, 19: 9, 20: 8, 21: 2, 22: 10, 23: 5, 24: 1, 25: 3, 26: 6, 27: 1, 28: 2, 29: 2, 30: 3, 32: 2, 33: 1, 34: 1, 40: 1, 42: 1, 45: 1, 46: 1, 47: 1, 51: 2, 52: 1, 54: 1, 55: 1, 58: 1, 61: 1, 68: 1, 73: 1, 75: 1, 82: 1, 92: 1, 96: 1, 144: 1, 267: 1}"
1000,"{4: 14, 5: 285, 6: 170, 7: 115, 8: 88, 9: 56, 10: 45, 11: 37, 12: 28, 13: 21, 14: 23, 15: 12, 16: 9, 17: 11, 18: 7, 19: 7, 20: 5, 21: 9, 22: 6, 23: 5, 24: 4, 25: 3, 26: 2, 27: 4, 28: 2, 29: 1, 30: 3, 32: 1, 33: 1, 34: 2, 35: 1, 36: 3, 38: 1, 39: 3, 43: 1, 46: 2, 47: 1, 54: 1, 55: 1, 56: 1, 59: 1, 66: 1, 70: 1, 80: 1, 98: 1, 99: 1, 106: 1, 141: 1, 148: 1}"
1000,"{4: 9, 5: 295, 6: 166, 7: 109, 8: 95, 9: 62, 10: 48, 11: 24, 12: 34, 13: 15, 14: 14, 15: 14, 16: 9, 17: 14, 18: 8, 19: 6, 20: 9, 21: 12, 22: 4, 23: 5, 24: 3, 25: 4, 26: 3, 27: 4, 28: 3, 29: 1, 30: 1, 31: 3, 32: 1, 33: 2, 34: 1, 36: 2, 37: 1, 38: 1, 39: 2, 40: 1, 44: 1, 46: 1, 52: 2, 53: 1, 55: 1, 60: 1, 61: 1, 62: 2, 84: 1, 113: 1, 128: 1, 136: 1, 174: 1}"
1000,"{4: 5, 5: 288, 6: 168, 7: 152, 8: 70, 9: 51, 10: 47, 11: 32, 12: 26, 13: 16, 14: 13, 15: 10, 16: 14, 17: 12, 18: 9, 19: 9, 20: 7, 21: 9, 22: 5, 23: 7, 24: 5, 25: 2, 26: 1, 27: 2, 28: 2, 29: 3, 30: 2, 31: 2, 34: 4, 35: 7, 36: 1, 37: 1, 40: 1, 42: 1, 43: 1, 44: 1, 45: 1, 46: 2, 47: 3, 49: 1, 51: 1, 64: 1, 67: 1, 70: 1, 85: 1, 127: 1, 241: 1}"
1000,"{4: 10, 5: 273, 6: 182, 7: 130, 8: 79, 9: 62, 10: 47, 11: 36, 12: 21, 13: 18, 14: 15, 15: 17, 16: 12, 17: 12, 18: 6, 19: 12, 20: 6, 21: 8, 22: 3, 23: 3, 24: 4, 25: 1, 26: 7, 27: 2, 28: 3, 29: 3, 30: 2, 31: 1, 32: 2, 33: 1, 35: 2, 37: 2, 42: 2, 43: 2, 46: 1, 49: 1, 50: 1, 52: 1, 62: 2, 65: 3, 85: 1, 91: 1, 139: 1, 159: 1, 190: 1}"
1000,"{3: 1, 4: 13, 5: 273, 6: 184, 7: 109, 8: 78, 9: 73, 10: 41, 11: 36, 12: 27, 13: 30, 14: 17, 15: 15, 16: 7, 17: 16, 18: 9, 19: 14, 20: 4, 21: 4, 22: 3, 23: 7, 25: 3, 27: 2, 28: 2, 29: 3, 30: 2, 33: 4, 34: 2, 35: 2, 36: 1, 37: 1, 38: 1, 39: 1, 40: 1, 41: 1, 42: 1, 44: 1, 50: 1, 53: 1, 56: 2, 67: 1, 69: 1, 78: 1, 79: 1, 88: 1, 130: 1, 301: 1}"
1000,"{4: 11, 5: 265, 6: 192, 7: 135, 8: 89, 9: 58, 10: 39, 11: 38, 12: 28, 13: 14, 14: 17, 15: 12, 16: 13, 17: 13, 18: 4, 19: 5, 20: 8, 21: 7, 22: 3, 23: 6, 24: 1, 26: 1, 27: 3, 28: 1, 29: 2, 30: 3, 31: 2, 32: 3, 34: 1, 35: 1, 36: 1, 37: 1, 40: 2, 41: 5, 43: 1, 48: 2, 49: 1, 62: 1, 65: 1, 67: 1, 68: 3, 79: 1, 81: 1, 107: 1, 115: 1, 135: 1, 207: 1}"
1000,"{4: 11, 5: 287, 6: 175, 7: 133, 8: 75, 9: 58, 10: 36, 11: 34, 12: 25, 13: 22, 14: 13, 15: 17, 16: 11, 17: 9, 18: 12, 19: 8, 20: 8, 21: 12, 22: 9, 23: 3, 24: 4, 25: 3, 26: 3, 27: 3, 28: 2, 29: 1, 30: 1, 32: 1, 33: 3, 35: 1, 37: 3, 44: 2, 45: 1, 47: 1, 56: 1, 58: 1, 60: 1, 66: 1, 69: 1, 71: 1, 73: 1, 83: 1, 84: 1, 94: 1, 98: 1, 106: 1, 231: 1}"
1000,"{4: 16, 5: 270, 6: 172, 7: 127, 8: 83, 9: 71, 10: 31, 11: 31, 12: 27, 13: 27, 14: 26, 15: 12, 16: 13, 17: 6, 18: 8, 19: 13, 20: 8, 21: 5, 22: 3, 23: 4, 24: 5, 25: 2, 26: 2, 27: 4, 28: 1, 29: 3, 30: 1, 31: 1, 32: 1, 34: 1, 35: 3, 39: 2, 40: 4, 41: 2, 43: 1, 44: 1, 45: 2, 48: 1, 49: 1, 50: 1, 54: 1, 55: 1, 64: 1, 90: 1, 98: 1, 107: 1, 121: 1, 243: 1}"
1000,"{4: 9, 5: 280, 6: 168, 7: 122, 8: 93, 9: 62, 10: 44, 11: 25, 12: 26, 13: 24, 14: 21, 15: 14, 16: 15, 17: 6, 18: 9, 19: 6, 20: 10, 21: 8, 22: 4, 23: 6, 24: 4, 25: 6, 26: 7, 28: 1, 29: 3, 30: 2, 34: 3, 38: 1, 39: 1, 40: 3, 41: 2, 44: 1, 47: 1, 48: 1, 53: 1, 54: 1, 62: 1, 64: 1, 66: 1, 69: 1, 70: 1, 75: 1, 79: 1, 94: 1, 111: 1, 193: 1}"
1000,"{4: 7, 5: 289, 6: 174, 7: 121, 8: 91, 9: 56, 10: 46, 11: 32, 12: 28, 13: 19, 14: 18, 15: 11, 16: 12, 17: 12, 18: 8, 19: 13, 20: 8, 21: 4, 22: 2, 23: 4, 24: 1, 25: 3, 26: 2, 27: 1, 28: 3, 29: 5, 30: 3, 31: 2, 32: 2, 33: 2, 34: 1, 35: 1, 36: 2, 37: 2, 40: 1, 41: 2, 44: 2, 46: 1, 54: 1, 57: 1, 68: 1, 71: 1, 80: 1, 81: 1, 83: 1, 135: 1, 321: 1}"
1000,"{4: 16, 5: 285, 6: 169, 7: 142, 8: 75, 9: 54, 10: 31, 11: 37, 12: 34, 13: 17, 14: 17, 15: 11, 16: 14, 17: 14, 18: 8, 19: 3, 20: 5, 21: 4, 22: 4, 23: 7, 24: 4, 25: 6, 26: 2, 27: 4, 28: 4, 29: 2, 30: 1, 31: 2, 32: 1, 33: 3, 34: 2, 35: 1, 36: 2, 38: 1, 39: 2, 42: 2, 43: 2, 46: 1, 47: 3, 49: 1, 53: 1, 58: 1, 62: 1, 92: 2, 177: 1, 256: 1}"
1000,"{4: 5, 5: 306, 6: 179, 7: 114, 8: 95, 9: 56, 10: 39, 11: 32, 12: 23, 13: 12, 14: 15, 15: 13, 16: 15, 17: 10, 18: 3, 19: 6, 20: 8, 21: 8, 22: 3, 23: 4, 24: 6, 25: 3, 26: 3, 27: 6, 28: 4, 29: 1, 30: 2, 31: 1, 32: 1, 33: 1, 34: 3, 37: 2, 38: 1, 39: 1, 40: 1, 44: 2, 45: 1, 47: 2, 49: 2, 50: 1, 56: 1, 59: 1, 65: 1, 66: 2, 67: 1, 68: 1, 156: 1, 173: 1, 216: 1}"
1000,"{3: 1, 4: 9, 5: 289, 6: 175, 7: 122, 8: 82, 9: 54, 10: 47, 11: 42, 12: 22, 13: 21, 14: 18, 15: 10, 16: 15, 17: 9, 18: 7, 19: 4, 20: 6, 21: 4, 22: 2, 23: 5, 24: 3, 25: 2, 26: 9, 27: 3, 28: 2, 29: 1, 30: 5, 31: 2, 32: 1, 33: 2, 34: 1, 35: 1, 36: 4, 37: 1, 38: 1, 40: 2, 42: 1, 46: 1, 50: 1, 51: 2, 54: 1, 58: 1, 62: 1, 64: 1, 77: 1, 81: 1, 91: 1, 93: 1, 110: 1, 120: 1, 177: 1}"
1000,"{4: 9, 5: 291, 6: 185, 7: 109, 8: 71, 9: 47, 10: 37, 11: 43, 12: 36, 13: 22, 14: 24, 15: 15, 16: 15, 17: 12, 18: 8, 19: 5, 20: 7, 21: 7, 22: 9, 23: 9, 24: 3, 26: 2, 27: 3, 28: 3, 30: 2, 31: 4, 35: 2, 36: 4, 38: 1, 39: 1, 42: 1, 44: 1, 45: 1, 46: 1, 52: 1, 53: 1, 57: 1, 71: 1, 78: 1, 97: 1, 105: 1, 114: 1, 126: 1, 201: 1}"
1000,"{4: 5, 5: 292, 6: 198, 7: 111, 8: 68, 9: 64, 10: 43, 11: 31, 12: 32, 13: 24, 14: 16, 15: 14, 16: 10, 17: 6, 18: 14, 19: 5, 20: 8, 21: 2, 22: 7, 23: 1, 24: 5, 25: 2, 26: 5, 27: 4, 28: 2, 29: 3, 30: 2, 31: 2, 32: 2, 33: 3, 34: 1, 35: 1, 36: 1, 37: 2, 40: 1, 42: 1, 49: 1, 50: 1, 59: 1, 62: 1, 63: 1, 65: 1, 69: 1, 83: 1, 93: 1, 161: 1, 194: 1, 248: 1}"
1000,"{3: 1, 4: 14, 5: 269, 6: 186, 7: 116, 8: 79, 9: 59, 10: 43, 11: 35, 12: 22, 13: 37, 14: 18, 15: 16, 16: 13, 17: 10, 18: 9, 19: 7, 20: 7, 21: 2, 22: 8, 23: 5, 24: 4, 26: 2, 27: 1, 28: 2, 29: 1, 30: 7, 31: 2, 33: 1, 34: 1, 35: 1, 36: 2, 37: 1, 38: 2, 40: 1, 41: 1, 42: 1, 43: 1, 48: 1, 51: 1, 53: 1, 56: 1, 59: 1, 61: 1, 67: 1, 69: 1, 73: 1, 80: 1, 84: 1, 94: 1, 277: 1}"
1000,"{4: 10, 5: 283, 6: 176, 7: 128, 8: 74, 9: 63, 10: 58, 11: 27, 12: 22, 13: 30, 14: 13, 15: 15, 16: 11, 17: 10, 18: 6, 19: 5, 20: 5, 21: 7, 22: 6, 23: 3, 24: 2, 25: 2, 26: 1, 27: 2, 28: 4, 29: 3, 30: 3, 31: 1, 33: 2, 34: 1, 35: 1, 36: 4, 38: 3, 39: 1, 41: 1, 42: 1, 44: 1, 48: 1, 49: 2, 52: 1, 54: 1, 55: 1, 56: 1, 58: 1, 61: 1, 71: 1, 84: 1, 91: 1, 103: 1, 148: 1, 232: 1}"
1000,"{4: 8, 5: 289, 6: 187, 7: 120, 8: 89, 9: 55, 10: 38, 11: 29, 12: 28, 13: 20, 14: 15, 15: 9, 16: 12, 17: 11, 18: 13, 19: 9, 20: 9, 21: 5, 22: 2, 23: 6, 24: 4, 25: 5, 26: 3, 27: 3, 28: 6, 30: 1, 31: 1, 32: 2, 33: 1, 34: 2, 35: 1, 36: 2, 38: 2, 41: 1, 49: 1, 52: 1, 55: 1, 57: 1, 77: 1, 88: 1, 97: 1, 99: 1, 114: 1, 135: 1, 143: 1, 246: 1}"
1000,"{4: 20, 5: 259, 6: 201, 7: 120, 8: 81, 9: 64, 10: 34, 11: 34, 12: 24, 13: 26, 14: 18, 15: 17, 16: 13, 17: 7, 18: 12, 19: 8, 20: 6, 21: 3, 22: 4, 23: 3, 24: 4, 25: 3, 26: 2, 28: 5, 29: 3, 30: 2, 31: 2, 32: 1, 33: 2, 36: 1, 39: 3, 40: 1, 43: 1, 51: 3, 54: 1, 55: 1, 65: 1, 66: 2, 67: 1, 71: 1, 75: 1, 80: 1, 83: 1, 95: 1, 121: 1, 236: 1}"
1000,"{4: 12, 5: 290, 6: 164, 7: 114, 8: 73, 9: 71, 10: 52, 11: 30, 12: 34, 13: 20, 14: 16, 15: 13, 16: 12, 17: 8, 18: 6, 19: 13, 20: 4, 21: 6, 22: 6, 23: 5, 24: 2, 25: 3, 26: 6, 27: 2, 28: 2, 29: 2, 30: 4, 31: 1, 32: 2, 33: 3, 34: 2, 35: 1, 36: 1, 37: 3, 38: 2, 41: 1, 43: 1, 47: 1, 48: 1, 49: 1, 54: 1, 56: 1, 58: 1, 60: 1, 67: 1, 70: 1, 72: 1, 87: 1, 128: 1, 240: 1}"
1000,"{4: 13, 5: 270, 6: 195, 7: 117, 8: 70, 9: 69, 10: 46, 11: 30, 12: 32, 13: 22, 14: 10, 15: 17, 16: 13, 17: 9, 18: 11, 19: 7, 20: 9, 21: 4, 22: 3, 23: 4, 24: 7, 25: 2, 26: 4, 27: 2, 28: 3, 30: 3, 31: 2, 32: 2, 33: 2, 35: 1, 36: 1, 37: 2, 38: 1, 39: 1, 43: 2, 47: 1, 52: 1, 54: 1, 55: 2, 58: 2, 63: 1, 64: 1, 73: 1, 97: 1, 106: 1, 108: 1, 250: 1}"
1000,"{4: 8, 5: 287, 6: 174, 7: 114, 8: 84, 9: 70, 10: 41, 11: 33, 12: 26, 13: 22, 14: 13, 15: 21, 16: 14, 17: 4, 18: 8, 19: 7, 20: 5, 21: 4, 22: 6, 23: 4, 24: 4, 25: 5, 26: 6, 27: 4, 28: 5, 29: 3, 30: 3, 31: 1, 35: 1, 36: 1, 39: 3, 40: 1, 41: 2, 42: 1, 43: 3, 44: 2, 47: 1, 52: 1, 67: 1, 71: 2, 73: 1, 76: 1, 81: 1, 83: 1, 282: 1}"
1000,"{4: 13, 5: 302, 6: 174, 7: 110, 8: 76, 9: 54, 10: 44, 11: 33, 12: 28, 13: 18, 14: 13, 15: 17, 16: 14, 17: 12, 18: 9, 19: 9, 20: 8, 21: 9, 22: 5, 23: 5, 24: 5, 25: 2, 26: 5, 28: 4, 29: 3, 30: 1, 31: 2, 32: 1, 34: 1, 35: 2, 36: 2, 39: 2, 40: 2, 41: 2, 45: 1, 46: 1, 50: 1, 51: 1, 54: 1, 55: 1, 79: 1, 80: 1, 81: 1, 92: 1, 124: 1, 127: 1, 222: 1}"
1000,"{4: 13, 5: 278, 6: 175, 7: 118, 8: 88, 9: 68, 10: 56, 11: 29, 12: 22, 13: 17, 14: 13, 15: 17, 16: 9, 17: 7, 18: 13, 19: 12, 20: 5, 21: 4, 22: 3, 23: 2, 24: 5, 25: 3, 27: 2, 28: 3, 29: 1, 30: 2, 31: 2, 32: 3, 33: 1, 34: 2, 35: 1, 38: 1, 40: 3, 42: 3, 43: 1, 44: 1, 48: 2, 50: 1, 51: 1, 52: 2, 54: 1, 56: 1, 57: 1, 61: 2, 62: 1, 64: 1, 72: 1, 73: 1, 88: 1, 253: 1}"
1000,"{3: 1, 4: 19, 5: 294, 6: 164, 7: 104, 8: 84, 9: 56, 10: 54, 11: 32, 12: 34, 13: 29, 14: 17, 15: 12, 16: 17, 17: 10, 18: 9, 19: 6, 20: 6, 21: 3, 22: 2, 23: 4, 24: 2, 26: 1, 27: 3, 28: 3, 29: 3, 30: 2, 32: 2, 33: 2, 34: 2, 35: 1, 37: 1, 38: 3, 40: 3, 42: 1, 47: 2, 49: 1, 50: 1, 60: 1, 61: 1, 64: 3, 73: 1, 82: 1, 85: 1, 121: 1, 304: 1}"
1000,"{4: 5, 5: 291, 6: 178, 7: 106, 8: 81, 9: 56, 10: 53, 11: 38, 12: 29, 13: 13, 14: 23, 15: 15, 16: 10, 17: 12, 18: 8, 19: 9, 20: 11, 21: 6, 22: 3, 25: 1, 26: 4, 27: 2, 28: 5, 29: 4, 30: 4, 31: 5, 32: 2, 33: 2, 34: 1, 35: 2, 36: 4, 39: 1, 42: 1, 47: 1, 49: 1, 51: 1, 54: 2, 55: 1, 56: 1, 62: 1, 65: 1, 67: 1, 68: 1, 82: 1, 85: 1, 86: 1, 205: 1}"
1000,"{3: 1, 4: 12, 5: 281, 6: 182, 7: 119, 8: 67, 9: 66, 10: 57, 11: 33, 12: 31, 13: 16, 14: 21, 15: 9, 16: 7, 17: 15, 18: 9, 19: 10, 20: 8, 21: 4, 22: 5, 23: 5, 24: 3, 25: 3, 26: 5, 27: 1, 28: 3, 29: 1, 31: 1, 33: 1, 34: 1, 36: 2, 38: 3, 39: 2, 40: 1, 45: 1, 47: 1, 50: 3, 64: 1, 71: 1, 75: 1, 77: 1, 80: 1, 91: 1, 108: 1, 137: 1, 153: 1, 193: 1}"
1000,"{4: 13, 5: 268, 6: 176, 7: 126, 8: 85, 9: 65, 10: 43, 11: 32, 12: 25, 13: 24, 14: 21, 15: 13, 16: 14, 17: 9, 18: 5, 19: 11, 20: 7, 21: 7, 22: 2, 23: 1, 24: 1, 25: 3, 26: 3, 27: 2, 28: 6, 29: 5, 31: 1, 32: 1, 33: 2, 34: 1, 35: 2, 36: 1, 37: 1, 38: 3, 40: 1, 41: 1, 42: 2, 43: 2, 44: 3, 45: 1, 46: 3, 50: 1, 57: 1, 66: 1, 67: 1, 71: 1, 83: 1, 98: 1, 217: 1}"
1000,"{4: 8, 5: 279, 6: 170, 7: 111, 8: 97, 9: 58, 10: 43, 11: 43, 12: 25, 13: 27, 14: 25, 15: 10, 16: 13, 17: 9, 18: 12, 19: 8, 20: 3, 21: 4, 22: 5, 23: 3, 24: 4, 25: 3, 26: 1, 27: 3, 28: 2, 29: 1, 30: 1, 31: 4, 33: 2, 34: 1, 35: 3, 36: 2, 38: 2, 39: 1, 40: 2, 41: 1, 42: 1, 43: 3, 45: 1, 49: 1, 51: 1, 57: 1, 65: 1, 74: 1, 101: 1, 109: 1, 135: 1, 225: 1}"
1000,"{4: 8, 5: 269, 6: 181, 7: 140, 8: 84, 9: 60, 10: 36, 11: 42, 12: 26, 13: 14, 14: 20, 15: 16, 16: 13, 17: 12, 18: 3, 19: 13, 20: 4, 21: 5, 22: 3, 23: 3, 24: 5, 25: 3, 26: 1, 27: 2, 28: 1, 29: 2, 31: 1, 32: 2, 33: 3, 35: 2, 36: 2, 37: 1, 38: 2, 39: 2, 40: 1, 41: 3, 43: 2, 46: 1, 48: 2, 49: 2, 51: 1, 56: 1, 76: 1, 81: 1, 91: 1, 93: 1, 149: 1, 246: 1}"
1000,"{3: 2, 4: 6, 5: 280, 6: 189, 7: 104, 8: 85, 9: 64, 10: 38, 11: 40, 12: 30, 13: 34, 14: 20, 15: 9, 16: 10, 17: 10, 18: 4, 19: 10, 20: 3, 21: 10, 22: 2, 23: 3, 24: 3, 25: 4, 26: 2, 28: 4, 29: 1, 30: 3, 31: 2, 32: 3, 36: 1, 37: 3, 40: 2, 44: 2, 45: 1, 46: 1, 47: 1, 48: 1, 49: 1, 50: 1, 51: 1, 52: 1, 53: 1, 58: 1, 64: 1, 65: 1, 89: 1, 97: 1, 104: 1, 130: 1, 236: 1}"
1000,"{3: 1, 4: 13, 5: 278, 6: 179, 7: 116, 8: 80, 9: 63, 10: 51, 11: 36, 12: 28, 13: 25, 14: 17, 15: 17, 16: 9, 17: 8, 18: 10, 19: 5, 20: 5, 21: 6, 22: 5, 23: 3, 24: 4, 25: 5, 26: 3, 27: 5, 29: 1, 30: 2, 32: 3, 34: 2, 35: 1, 36: 1, 39: 1, 41: 1, 42: 1, 43: 2, 50: 1, 53: 1, 54: 1, 55: 1, 56: 1, 61: 1, 64: 1, 73: 1, 89: 1, 90: 1, 93: 1, 113: 1, 328: 1}"
1000,"{3: 2, 4: 15, 5: 285, 6: 192, 7: 107, 8: 87, 9: 52, 10: 44, 11: 40, 12: 30, 13: 26, 14: 13, 15: 7, 16: 11, 17: 11, 18: 7, 19: 3, 20: 12, 21: 4, 22: 2, 23: 6, 24: 3, 25: 6, 26: 1, 27: 2, 28: 2, 29: 1, 30: 1, 32: 2, 33: 1, 34: 2, 35: 1, 36: 1, 37: 2, 38: 1, 40: 1, 42: 4, 51: 3, 53: 1, 55: 1, 58: 1, 61: 1, 76: 1, 78: 1, 81: 1, 121: 1, 128: 1, 339: 1}"
1000,"{4: 6, 5: 299, 6: 174, 7: 124, 8: 78, 9: 53, 10: 53, 11: 34, 12: 21, 13: 15, 14: 16, 15: 11, 16: 12, 17: 8, 18: 10, 19: 5, 20: 12, 21: 10, 22: 2, 23: 4, 24: 6, 25: 4, 26: 2, 28: 4, 29: 7, 30: 1, 31: 1, 32: 2, 33: 1, 34: 4, 35: 1, 37: 2, 38: 1, 41: 1, 47: 1, 52: 1, 55: 1, 56: 1, 57: 1, 60: 1, 62: 1, 64: 1, 65: 1, 66: 1, 74: 1, 75: 1, 85: 1, 97: 1, 111: 1, 208: 1}"
1000,"{4: 14, 5: 284, 6: 183, 7: 109, 8: 82, 9: 56, 10: 40, 11: 44, 12: 26, 13: 24, 14: 17, 15: 15, 16: 11, 17: 10, 18: 7, 19: 9, 20: 8, 21: 4, 22: 5, 23: 3, 24: 3, 25: 5, 26: 3, 28: 3, 29: 1, 30: 4, 31: 3, 32: 2, 33: 3, 34: 1, 36: 1, 37: 2, 40: 1, 41: 3, 43: 1, 45: 1, 48: 1, 49: 1, 52: 1, 54: 1, 55: 1, 64: 1, 75: 2, 76: 1, 79: 1, 164: 1, 243: 1}"
1000,"{4: 12, 5: 280, 6: 183, 7: 122, 8: 76, 9: 60, 10: 51, 11: 29, 12: 21, 13: 24, 14: 27, 15: 13, 16: 22, 17: 7, 18: 4, 19: 4, 20: 8, 21: 5, 22: 6, 23: 5, 24: 3, 25: 1, 26: 7, 27: 5, 29: 2, 30: 3, 31: 2, 32: 1, 34: 1, 38: 2, 43: 1, 45: 1, 46: 1, 54: 1, 67: 1, 70: 2, 73: 1, 75: 1, 91: 1, 120: 1, 164: 1, 192: 1, 195: 1}"
1000,"{4: 12, 5: 273, 6: 187, 7: 120, 8: 92, 9: 46, 10: 53, 11: 37, 12: 21, 13: 16, 14: 17, 15: 17, 16: 12, 17: 9, 18: 15, 19: 7, 20: 4, 21: 6, 22: 4, 23: 6, 24: 1, 25: 4, 26: 6, 27: 1, 28: 1, 29: 3, 30: 1, 31: 1, 33: 3, 37: 3, 39: 1, 40: 1, 41: 1, 42: 1, 44: 2, 46: 5, 49: 1, 50: 1, 56: 1, 62: 1, 63: 1, 65: 1, 82: 2, 83: 1, 139: 1, 245: 1}"
1000,"{4: 11, 5: 278, 6: 197, 7: 97, 8: 84, 9: 68, 10: 46, 11: 34, 12: 23, 13: 31, 14: 16, 15: 9, 16: 10, 17: 14, 18: 10, 19: 5, 20: 7, 21: 5, 22: 10, 23: 4, 24: 4, 25: 1, 26: 2, 27: 3, 28: 3, 29: 1, 32: 1, 34: 1, 36: 3, 37: 2, 38: 1, 39: 1, 41: 2, 43: 1, 44: 2, 47: 1, 49: 2, 50: 1, 52: 1, 58: 1, 65: 1, 71: 1, 101: 1, 103: 1, 124: 1, 169: 1, 220: 1}"
1000,"{3: 1, 4: 11, 5: 304, 6: 179, 7: 108, 8: 75, 9: 51, 10: 42, 11: 42, 12: 17, 13: 24, 14: 10, 15: 17, 16: 15, 17: 18, 18: 9, 19: 7, 20: 4, 21: 11, 22: 10, 23: 2, 24: 2, 25: 5, 26: 2, 27: 3, 28: 1, 29: 1, 30: 2, 31: 2, 32: 2, 33: 3, 37: 1, 38: 3, 47: 1, 49: 1, 51: 2, 52: 1, 53: 1, 54: 2, 65: 1, 66: 1, 69: 1, 77: 1, 79: 1, 90: 1, 198: 1, 225: 1}"
1000,"{3: 1, 4: 11, 5: 274, 6: 208, 7: 111, 8: 74, 9: 55, 10: 60, 11: 28, 12: 22, 13: 22, 14: 21, 15: 17, 16: 11, 17: 7, 18: 6, 19: 7, 20: 6, 21: 2, 22: 7, 23: 1, 24: 4, 25: 4, 26: 2, 27: 2, 28: 1, 29: 1, 30: 2, 32: 1, 33: 5, 34: 2, 35: 1, 36: 2, 37: 3, 38: 2, 42: 2, 43: 1, 44: 1, 47: 2, 50: 1, 54: 1, 55: 1, 63: 1, 64: 1, 87: 1, 91: 1, 98: 1, 123: 1, 167: 1, 205: 1}"
1000,"{4: 11, 5: 303, 6: 167, 7: 101, 8: 77, 9: 72, 10: 39, 11: 49, 12: 32, 13: 23, 14: 15, 15: 9, 16: 12, 17: 9, 18: 5, 19: 8, 20: 8, 21: 7, 22: 9, 23: 3, 24: 4, 26: 5, 27: 2, 28: 3, 29: 3, 30: 2, 33: 1, 34: 1, 35: 2, 36: 2, 40: 1, 44: 1, 45: 2, 46: 1, 53: 1, 57: 1, 60: 2, 83: 1, 87: 1, 96: 1, 106: 1, 121: 1, 128: 1, 263: 1}"
1000,"{4: 6, 5: 280, 6: 182, 7: 107, 8: 88, 9: 66, 10: 43, 11: 37, 12: 30, 13: 21, 14: 17, 15: 12, 16: 10, 17: 9, 18: 10, 19: 7, 20: 7, 21: 7, 22: 7, 23: 5, 24: 6, 25: 2, 26: 2, 27: 4, 28: 2, 29: 1, 31: 2, 32: 1, 33: 4, 34: 2, 35: 2, 36: 3, 38: 2, 39: 1, 42: 2, 44: 2, 46: 1, 49: 2, 50: 1, 61: 1, 63: 1, 86: 1, 102: 1, 110: 1, 151: 1, 197: 1}"
1000,"{4: 10, 5: 296, 6: 182, 7: 117, 8: 77, 9: 62, 10: 40, 11: 36, 12: 22, 13: 18, 14: 15, 15: 14, 16: 15, 17: 11, 18: 7, 19: 8, 20: 6, 21: 6, 22: 4, 23: 7, 24: 4, 25: 2, 26: 1, 27: 1, 28: 4, 29: 2, 30: 3, 31: 3, 32: 1, 33: 1, 35: 4, 37: 1, 38: 1, 41: 1, 42: 2, 44: 1, 45: 1, 50: 1, 52: 1, 53: 1, 58: 1, 59: 1, 61: 1, 68: 1, 79: 1, 82: 1, 88: 1, 112: 1, 113: 1, 125: 1, 215: 1}"
1000,"{4: 17, 5: 282, 6: 185, 7: 101, 8: 90, 9: 55, 10: 50, 11: 36, 12: 19, 13: 19, 14: 16, 15: 19, 16: 15, 17: 5, 18: 10, 19: 7, 20: 9, 21: 6, 22: 6, 23: 4, 24: 3, 25: 2, 26: 5, 27: 3, 28: 1, 29: 4, 30: 2, 32: 6, 33: 2, 34: 2, 35: 1, 36: 2, 37: 3, 43: 1, 47: 1, 48: 2, 49: 1, 50: 1, 60: 1, 63: 1, 65: 1, 70: 1, 126: 1, 196: 1, 230: 1}"
1000,"{4: 14, 5: 273, 6: 178, 7: 123, 8: 78, 9: 67, 10: 39, 11: 31, 12: 28, 13: 21, 14: 25, 15: 16, 16: 12, 17: 11, 18: 13, 19: 9, 20: 5, 21: 5, 22: 1, 23: 5, 24: 1, 25: 3, 26: 5, 27: 3, 29: 3, 30: 2, 31: 4, 33: 4, 35: 1, 36: 1, 37: 1, 38: 1, 39: 1, 41: 1, 44: 1, 45: 1, 47: 1, 52: 1, 53: 1, 55: 1, 56: 1, 61: 1, 64: 1, 66: 1, 76: 1, 91: 1, 94: 1, 111: 1, 253: 1}"
1000,"{4: 19, 5: 295, 6: 165, 7: 119, 8: 86, 9: 69, 10: 36, 11: 39, 12: 22, 13: 27, 14: 13, 15: 12, 16: 10, 17: 6, 18: 12, 19: 3, 20: 10, 21: 2, 22: 4, 23: 6, 24: 3, 25: 3, 26: 2, 27: 4, 28: 2, 29: 2, 30: 4, 31: 3, 32: 1, 34: 1, 36: 2, 39: 1, 42: 1, 45: 2, 46: 1, 48: 1, 49: 1, 50: 1, 53: 1, 60: 1, 68: 1, 71: 1, 74: 1, 79: 1, 82: 1, 108: 1, 128: 1, 355: 1}"
1000,"{4: 16, 5: 271, 6: 181, 7: 121, 8: 93, 9: 60, 10: 47, 11: 34, 12: 27, 13: 26, 14: 9, 15: 8, 16: 13, 17: 6, 18: 9, 19: 9, 20: 5, 21: 5, 22: 8, 23: 6, 24: 3, 25: 2, 27: 4, 28: 1, 29: 5, 31: 2, 32: 2, 34: 3, 35: 2, 37: 1, 38: 2, 39: 1, 41: 1, 43: 1, 44: 1, 45: 2, 46: 1, 50: 1, 53: 2, 54: 1, 59: 1, 67: 1, 68: 1, 88: 1, 126: 1, 131: 1, 173: 1, 184: 1}"
1000,"{4: 11, 5: 274, 6: 191, 7: 110, 8: 94, 9: 63, 10: 33, 11: 38, 12: 31, 13: 16, 14: 15, 15: 20, 16: 11, 17: 6, 18: 12, 19: 5, 20: 4, 21: 7, 22: 5, 23: 4, 24: 4, 25: 6, 26: 3, 27: 2, 28: 4, 29: 3, 30: 1, 31: 4, 34: 2, 35: 1, 37: 3, 40: 1, 42: 1, 43: 1, 44: 1, 45: 2, 48: 1, 56: 2, 60: 1, 70: 2, 71: 1, 97: 1, 112: 1, 126: 1, 282: 1}"
1000,"{3: 1, 4: 11, 5: 284, 6: 178, 7: 125, 8: 77, 9: 56, 10: 56, 11: 34, 12: 26, 13: 19, 14: 17, 15: 14, 16: 9, 17: 10, 18: 7, 19: 9, 20: 4, 21: 14, 22: 4, 23: 5, 24: 4, 25: 1, 26: 1, 27: 2, 28: 1, 30: 1, 31: 3, 32: 2, 33: 1, 35: 1, 36: 1, 37: 1, 38: 1, 39: 2, 40: 2, 41: 2, 47: 1, 48: 1, 53: 1, 54: 1, 55: 1, 57: 1, 58: 2, 64: 1, 68: 1, 73: 1, 75: 1, 93: 1, 383: 1}"
1000,"{4: 3, 5: 286, 6: 173, 7: 137, 8: 77, 9: 65, 10: 50, 11: 21, 12: 22, 13: 26, 14: 22, 15: 15, 16: 8, 17: 9, 18: 14, 19: 10, 20: 2, 21: 6, 22: 4, 23: 5, 24: 4, 25: 3, 26: 2, 27: 2, 29: 4, 31: 2, 32: 3, 33: 1, 34: 2, 35: 1, 37: 1, 38: 1, 39: 1, 40: 2, 41: 1, 42: 2, 50: 1, 56: 2, 57: 1, 58: 1, 60: 1, 63: 1, 65: 1, 71: 1, 88: 1, 145: 1, 148: 1, 263: 1}"
1000,"{4: 13, 5: 277, 6: 186, 7: 118, 8: 84, 9: 51, 10: 42, 11: 34, 12: 30, 13: 21, 14: 17, 15: 9, 16: 13, 17: 13, 18: 14, 19: 11, 20: 5, 21: 8, 22: 3, 23: 4, 24: 4, 25: 2, 26: 4, 27: 2, 28: 2, 29: 6, 33: 1, 34: 1, 35: 2, 36: 2, 37: 1, 38: 1, 39: 1, 40: 1, 41: 1, 46: 1, 47: 1, 50: 1, 51: 1, 53: 1, 55: 1, 56: 1, 57: 2, 59: 1, 61: 1, 62: 1, 66: 1, 84: 1, 92: 1, 283: 1}"
1000,"{4: 22, 5: 294, 6: 166, 7: 106, 8: 87, 9: 56, 10: 42, 11: 35, 12: 31, 13: 26, 14: 11, 15: 20, 16: 9, 17: 8, 18: 10, 19: 5, 20: 5, 21: 8, 22: 3, 23: 3, 24: 4, 25: 3, 26: 8, 27: 3, 28: 2, 29: 3, 30: 3, 32: 1, 33: 2, 34: 2, 35: 3, 36: 1, 38: 2, 39: 1, 40: 1, 42: 1, 44: 1, 46: 1, 50: 1, 51: 1, 52: 1, 55: 1, 59: 1, 66: 1, 70: 1, 92: 2, 141: 1, 275: 1}"
1000,"{4: 16, 5: 276, 6: 177, 7: 114, 8: 84, 9: 60, 10: 40, 11: 31, 12: 26, 13: 19, 14: 26, 15: 19, 16: 17, 17: 11, 18: 4, 19: 10, 20: 8, 21: 4, 22: 2, 23: 1, 24: 5, 25: 5, 26: 6, 27: 2, 28: 3, 29: 3, 30: 1, 31: 5, 32: 2, 33: 2, 35: 1, 36: 1, 38: 1, 39: 1, 40: 1, 42: 1, 46: 1, 47: 2, 49: 1, 53: 1, 54: 1, 58: 1, 70: 2, 71: 1, 75: 1, 76: 1, 86: 1, 94: 1, 227: 1}"
1000,"{4: 9, 5: 280, 6: 182, 7: 103, 8: 87, 9: 78, 10: 42, 11: 31, 12: 30, 13: 24, 14: 15, 15: 9, 16: 17, 17: 12, 18: 8, 19: 3, 20: 5, 21: 4, 22: 8, 23: 5, 24: 4, 25: 3, 26: 1, 27: 5, 28: 1, 29: 2, 30: 2, 31: 3, 32: 3, 34: 2, 35: 1, 39: 1, 41: 2, 42: 2, 43: 2, 44: 1, 49: 2, 50: 1, 53: 1, 56: 1, 58: 1, 59: 1, 70: 1, 76: 1, 88: 1, 89: 1, 121: 1, 283: 1}"
1000,"{4: 15, 5: 297, 6: 164, 7: 125, 8: 89, 9: 53, 10: 42, 11: 40, 12: 28, 13: 15, 14: 12, 15: 20, 16: 4, 17: 12, 18: 10, 19: 7, 20: 6, 21: 2, 22: 2, 23: 4, 24: 3, 25: 5, 26: 3, 27: 3, 28: 2, 29: 1, 30: 1, 31: 1, 32: 2, 33: 5, 34: 3, 35: 2, 36: 2, 37: 2, 39: 1, 44: 1, 47: 1, 48: 1, 52: 1, 53: 1, 54: 2, 58: 1, 65: 1, 69: 3, 71: 1, 81: 1, 100: 1, 116: 1, 289: 1}"
1000,"{4: 13, 5: 280, 6: 178, 7: 112, 8: 83, 9: 57, 10: 47, 11: 38, 12: 22, 13: 25, 14: 17, 15: 17, 16: 10, 17: 16, 18: 10, 19: 8, 20: 7, 21: 4, 22: 4, 23: 5, 24: 4, 25: 1, 26: 4, 27: 2, 28: 3, 29: 2, 30: 5, 31: 3, 33: 1, 35: 2, 36: 2, 37: 1, 38: 1, 40: 1, 43: 1, 45: 2, 46: 1, 53: 1, 54: 1, 69: 1, 78: 2, 82: 1, 83: 1, 92: 1, 107: 1, 110: 1, 177: 1}"
1000,"{3: 1, 4: 16, 5: 265, 6: 175, 7: 135, 8: 91, 9: 56, 10: 48, 11: 25, 12: 27, 13: 21, 14: 13, 15: 14, 16: 15, 17: 14, 18: 6, 19: 7, 20: 7, 21: 5, 22: 3, 23: 6, 24: 3, 25: 1, 26: 5, 27: 2, 28: 1, 29: 5, 30: 4, 31: 2, 32: 1, 33: 2, 34: 2, 36: 2, 39: 1, 40: 1, 41: 2, 43: 2, 45: 2, 48: 1, 49: 1, 55: 1, 56: 2, 57: 1, 61: 1, 66: 1, 73: 1, 93: 1, 113: 1, 254: 1}"
1000,"{3: 1, 4: 12, 5: 277, 6: 176, 7: 132, 8: 62, 9: 70, 10: 60, 11: 26, 12: 26, 13: 27, 14: 18, 15: 7, 16: 7, 17: 10, 18: 14, 19: 4, 20: 7, 21: 5, 22: 4, 23: 8, 24: 4, 25: 3, 27: 3, 29: 4, 30: 2, 31: 2, 33: 2, 34: 2, 35: 2, 36: 2, 37: 2, 39: 1, 42: 2, 43: 2, 44: 1, 48: 2, 50: 1, 51: 1, 52: 1, 53: 1, 57: 1, 73: 1, 77: 1, 87: 1, 102: 1, 152: 1, 256: 1}"
1000,"{4: 9, 5: 278, 6: 181, 7: 138, 8: 81, 9: 60, 10: 44, 11: 27, 12: 26, 13: 21, 14: 23, 15: 10, 16: 12, 17: 12, 18: 6, 19: 8, 20: 3, 21: 4, 22: 5, 23: 1, 24: 4, 25: 1, 26: 3, 27: 3, 28: 4, 29: 2, 30: 3, 31: 1, 33: 2, 34: 1, 35: 1, 37: 1, 38: 1, 39: 1, 40: 2, 41: 2, 42: 1, 43: 1, 45: 3, 52: 1, 54: 1, 55: 1, 59: 1, 60: 2, 61: 1, 62: 1, 77: 1, 82: 1, 91: 1, 113: 1, 117: 1, 224: 1}"
1000,"{4: 5, 5: 285, 6: 180, 7: 130, 8: 83, 9: 63, 10: 32, 11: 37, 12: 21, 13: 21, 14: 16, 15: 17, 16: 14, 17: 10, 18: 7, 19: 6, 20: 10, 21: 5, 22: 3, 23: 5, 24: 4, 25: 7, 27: 1, 28: 1, 29: 4, 31: 2, 32: 1, 33: 5, 34: 3, 37: 2, 38: 3, 39: 2, 42: 2, 47: 1, 50: 2, 58: 2, 61: 2, 62: 1, 77: 1, 91: 1, 97: 1, 115: 1, 252: 1}"
1000,"{3: 1, 4: 12, 5: 296, 6: 182, 7: 104, 8: 75, 9: 60, 10: 46, 11: 36, 12: 29, 13: 20, 14: 17, 15: 16, 16: 16, 17: 10, 18: 7, 19: 9, 20: 1, 21: 4, 22: 4, 23: 5, 24: 7, 25: 3, 26: 1, 27: 4, 29: 3, 32: 2, 33: 3, 34: 2, 35: 1, 36: 1, 38: 3, 39: 1, 42: 1, 44: 1, 45: 2, 47: 2, 49: 1, 52: 1, 56: 1, 57: 2, 59: 1, 63: 1, 67: 1, 68: 1, 78: 1, 94: 1, 95: 1, 268: 1}"
1000,"{3: 1, 4: 5, 5: 285, 6: 180, 7: 131, 8: 70, 9: 59, 10: 46, 11: 33, 12: 24, 13: 19, 14: 17, 15: 17, 16: 13, 17: 19, 18: 5, 19: 10, 20: 5, 21: 7, 22: 4, 23: 2, 24: 2, 25: 4, 26: 2, 27: 4, 28: 3, 29: 2, 30: 1, 31: 3, 32: 2, 34: 3, 35: 2, 36: 1, 38: 1, 39: 1, 40: 2, 43: 1, 45: 2, 50: 1, 52: 2, 53: 1, 57: 1, 60: 1, 76: 1, 81: 1, 92: 1, 105: 1, 116: 1, 245: 1}"
1000,"{4: 12, 5: 276, 6: 177, 7: 110, 8: 91, 9: 72, 10: 38, 11: 41, 12: 24, 13: 18, 14: 15, 15: 20, 16: 7, 17: 9, 18: 12, 19: 10, 20: 8, 21: 1, 22: 9, 23: 4, 24: 6, 25: 4, 26: 1, 27: 4, 28: 1, 29: 1, 30: 2, 31: 4, 32: 2, 33: 1, 36: 1, 37: 1, 40: 2, 41: 1, 43: 1, 46: 1, 50: 1, 51: 1, 52: 1, 54: 1, 59: 1, 61: 1, 65: 1, 71: 1, 88: 1, 96: 1, 111: 1, 119: 1, 240: 1}"
1000,"{4: 10, 5: 283, 6: 178, 7: 116, 8: 81, 9: 58, 10: 49, 11: 40, 12: 23, 13: 22, 14: 22, 15: 14, 16: 8, 17: 7, 18: 11, 19: 6, 20: 6, 21: 2, 22: 7, 23: 6, 24: 9, 26: 5, 27: 2, 28: 2, 29: 2, 30: 1, 31: 1, 32: 1, 33: 1, 34: 3, 35: 2, 36: 1, 38: 2, 39: 3, 40: 1, 42: 2, 44: 1, 45: 1, 47: 1, 52: 1, 54: 1, 57: 1, 58: 1, 60: 1, 75: 1, 85: 1, 109: 1, 170: 1, 204: 1}"
1000,"{3: 1, 4: 13, 5: 281, 6: 184, 7: 111, 8: 77, 9: 58, 10: 38, 11: 37, 12: 24, 13: 29, 14: 19, 15: 14, 16: 20, 17: 10, 18: 7, 19: 7, 20: 4, 21: 7, 22: 6, 23: 6, 24: 6, 25: 4, 26: 3, 27: 2, 28: 1, 29: 2, 30: 3, 31: 3, 32: 3, 36: 4, 37: 1, 38: 1, 39: 1, 43: 1, 44: 1, 46: 1, 57: 1, 62: 2, 67: 1, 70: 1, 101: 1, 119: 1, 121: 1, 125: 1, 183: 1}"
1000,"{3: 1, 4: 11, 5: 282, 6: 197, 7: 113, 8: 64, 9: 73, 10: 43, 11: 37, 12: 24, 13: 18, 14: 21, 15: 7, 16: 13, 17: 13, 18: 5, 19: 6, 20: 7, 21: 4, 22: 4, 23: 2, 24: 5, 25: 5, 26: 4, 27: 3, 28: 4, 29: 1, 31: 3, 32: 4, 33: 4, 34: 1, 36: 2, 38: 1, 39: 1, 40: 2, 41: 3, 45: 1, 48: 1, 50: 1, 54: 1, 58: 1, 62: 1, 65: 1, 69: 1, 71: 1, 110: 1, 149: 1, 261: 1}"
1000,"{4: 13, 5: 293, 6: 158, 7: 119, 8: 98, 9: 57, 10: 52, 11: 43, 12: 17, 13: 17, 14: 15, 15: 15, 16: 6, 17: 9, 18: 11, 19: 7, 20: 8, 21: 5, 22: 4, 23: 3, 24: 7, 25: 5, 26: 3, 28: 1, 29: 2, 30: 2, 31: 1, 32: 3, 33: 1, 34: 1, 37: 2, 38: 3, 39: 1, 40: 2, 41: 3, 45: 1, 50: 1, 53: 1, 57: 1, 66: 1, 68: 1, 69: 1, 70: 1, 105: 1, 119: 1, 121: 1, 133: 1, 215: 1}"
1000,"{4: 11, 5: 295, 6: 170, 7: 120, 8: 70, 9: 62, 10: 43, 11: 34, 12: 27, 13: 24, 14: 15, 15: 19, 16: 10, 17: 7, 18: 14, 19: 6, 20: 12, 21: 11, 22: 5, 23: 5, 24: 1, 25: 2, 26: 3, 28: 4, 29: 1, 30: 3, 31: 1, 32: 1, 33: 1, 34: 2, 37: 1, 39: 1, 40: 3, 43: 1, 45: 2, 46: 1, 47: 1, 49: 1, 50: 1, 51: 1, 53: 1, 59: 1, 60: 1, 61: 1, 67: 1, 101: 1, 185: 1, 241: 1}"
1000,"{3: 1, 4: 12, 5: 266, 6: 200, 7: 115, 8: 83, 9: 46, 10: 49, 11: 40, 12: 20, 13: 29, 14: 18, 15: 15, 16: 12, 17: 10, 18: 8, 19: 4, 20: 10, 21: 3, 22: 4, 23: 6, 24: 4, 26: 5, 27: 4, 29: 5, 30: 2, 31: 3, 32: 2, 34: 2, 35: 1, 36: 3, 37: 3, 40: 1, 42: 1, 43: 1, 45: 1, 53: 2, 58: 1, 59: 1, 64: 1, 65: 1, 72: 1, 99: 1, 122: 1, 141: 1, 225: 1}"
1000,"{4: 14, 5: 268, 6: 190, 7: 118, 8: 82, 9: 60, 10: 44, 11: 30, 12: 30, 13: 22, 14: 16, 15: 18, 16: 14, 17: 5, 18: 8, 19: 11, 20: 8, 21: 4, 22: 8, 23: 4, 24: 6, 25: 2, 26: 4, 27: 2, 28: 4, 29: 1, 30: 1, 32: 1, 33: 1, 34: 2, 35: 2, 36: 2, 37: 1, 38: 3, 41: 2, 42: 1, 45: 1, 55: 1, 59: 2, 60: 2, 76: 1, 79: 1, 86: 1, 112: 1, 287: 1}"
1000,"{4: 9, 5: 272, 6: 188, 7: 133, 8: 66, 9: 64, 10: 37, 11: 39, 12: 27, 13: 32, 14: 16, 15: 14, 16: 12, 17: 11, 18: 11, 19: 7, 20: 2, 21: 3, 22: 4, 23: 5, 24: 11, 25: 2, 26: 2, 27: 2, 28: 2, 29: 1, 30: 1, 31: 2, 32: 2, 33: 3, 34: 1, 35: 1, 37: 2, 39: 2, 41: 1, 42: 1, 47: 1, 50: 1, 52: 1, 53: 1, 60: 1, 62: 1, 65: 1, 75: 1, 77: 1, 101: 1, 140: 1, 305: 1}"
1000,"{4: 8, 5: 294, 6: 172, 7: 115, 8: 71, 9: 60, 10: 50, 11: 31, 12: 39, 13: 27, 14: 14, 15: 10, 16: 8, 17: 8, 18: 12, 19: 5, 20: 9, 21: 8, 22: 5, 23: 6, 24: 3, 25: 4, 26: 2, 27: 6, 28: 2, 29: 1, 30: 4, 31: 1, 33: 2, 35: 1, 37: 3, 38: 2, 41: 3, 43: 2, 50: 2, 54: 2, 66: 1, 69: 1, 86: 1, 88: 1, 90: 1, 95: 2, 254: 1}"
1000,"{4: 11, 5: 274, 6: 185, 7: 110, 8: 92, 9: 67, 10: 42, 11: 45, 12: 27, 13: 19, 14: 14, 15: 13, 16: 9, 17: 7, 18: 6, 19: 10, 20: 5, 21: 6, 22: 5, 23: 5, 24: 3, 25: 1, 26: 5, 27: 1, 28: 4, 29: 1, 30: 1, 31: 2, 32: 1, 33: 2, 34: 2, 35: 2, 36: 2, 37: 2, 38: 2, 39: 1, 40: 1, 42: 2, 46: 1, 48: 1, 49: 1, 54: 1, 57: 1, 70: 1, 73: 1, 75: 1, 78: 1, 81: 1, 85: 1, 93: 1, 283: 1}"
1000,"{4: 7, 5: 285, 6: 184, 7: 118, 8: 85, 9: 57, 10: 37, 11: 37, 12: 25, 13: 22, 14: 16, 15: 17, 16: 15, 17: 12, 18: 9, 19: 7, 20: 8, 21: 4, 22: 3, 23: 5, 24: 5, 25: 3, 26: 3, 27: 1, 28: 1, 30: 5, 31: 2, 32: 1, 33: 2, 34: 2, 35: 2, 36: 2, 38: 2, 39: 1, 42: 2, 45: 1, 52: 1, 53: 1, 60: 1, 63: 1, 68: 1, 78: 1, 82: 1, 98: 1, 104: 1, 117: 1, 129: 1, 195: 1}"
1000,"{4: 16, 5: 285, 6: 163, 7: 119, 8: 96, 9: 62, 10: 38, 11: 26, 12: 25, 13: 27, 14: 21, 15: 8, 16: 11, 17: 13, 18: 8, 19: 12, 20: 5, 21: 6, 22: 4, 23: 8, 24: 4, 26: 3, 27: 1, 28: 3, 29: 4, 30: 3, 31: 2, 32: 2, 33: 1, 34: 1, 35: 3, 36: 1, 37: 1, 38: 1, 39: 1, 40: 1, 41: 1, 44: 3, 45: 1, 47: 2, 55: 1, 59: 1, 61: 1, 68: 1, 69: 1, 89: 2, 294: 1}"
1000,"{4: 6, 5: 274, 6: 198, 7: 100, 8: 95, 9: 60, 10: 50, 11: 36, 12: 28, 13: 26, 14: 15, 15: 7, 16: 15, 17: 4, 18: 10, 19: 4, 20: 3, 21: 7, 22: 5, 23: 4, 24: 6, 25: 4, 26: 1, 27: 4, 28: 4, 29: 2, 30: 1, 32: 1, 33: 5, 35: 2, 37: 2, 38: 1, 40: 1, 41: 1, 42: 1, 44: 1, 47: 1, 48: 2, 49: 1, 50: 1, 53: 1, 55: 1, 56: 1, 62: 1, 67: 1, 71: 1, 88: 1, 93: 1, 120: 1, 154: 1, 177: 1}"
1000,"{4: 15, 5: 277, 6: 176, 7: 114, 8: 82, 9: 56, 10: 54, 11: 44, 12: 28, 13: 25, 14: 24, 15: 6, 16: 6, 17: 10, 18: 6, 19: 9, 20: 4, 21: 8, 22: 2, 23: 6, 24: 1, 25: 3, 26: 3, 28: 3, 29: 1, 30: 4, 31: 2, 32: 2, 33: 2, 34: 4, 35: 2, 36: 1, 38: 1, 39: 2, 41: 3, 42: 2, 46: 1, 47: 2, 52: 1, 60: 1, 63: 1, 75: 1, 81: 1, 83: 1, 89: 1, 116: 1, 256: 1}"
1000,"{3: 1, 4: 13, 5: 284, 6: 182, 7: 124, 8: 74, 9: 59, 10: 42, 11: 24, 12: 23, 13: 24, 14: 20, 15: 16, 16: 18, 17: 14, 18: 10, 19: 6, 20: 4, 21: 3, 22: 9, 23: 5, 24: 6, 25: 3, 26: 3, 27: 1, 28: 3, 29: 1, 33: 1, 35: 1, 36: 3, 38: 1, 39: 1, 41: 1, 42: 1, 44: 2, 46: 1, 47: 1, 48: 1, 51: 1, 53: 1, 57: 1, 63: 1, 64: 2, 84: 2, 88: 1, 89: 1, 90: 1, 104: 1, 111: 1, 141: 1}"
1000,"{4: 11, 5: 293, 6: 174, 7: 100, 8: 84, 9: 61, 10: 39, 11: 40, 12: 28, 13: 23, 14: 24, 15: 19, 16: 18, 17: 12, 18: 3, 19: 9, 20: 7, 21: 4, 22: 3, 23: 1, 24: 6, 25: 4, 26: 2, 27: 2, 28: 3, 29: 1, 31: 1, 32: 4, 36: 3, 37: 2, 39: 3, 42: 1, 43: 2, 51: 1, 52: 1, 55: 1, 56: 2, 65: 1, 70: 1, 73: 1, 85: 1, 93: 1, 96: 1, 120: 1, 262: 1}"
1000,"{4: 11, 5: 278, 6: 176, 7: 118, 8: 96, 9: 50, 10: 41, 11: 38, 12: 27, 13: 18, 14: 23, 15: 17, 16: 11, 17: 15, 18: 7, 19: 8, 20: 7, 21: 6, 22: 3, 23: 5, 24: 4, 25: 3, 26: 4, 27: 2, 28: 3, 29: 2, 30: 1, 32: 1, 33: 1, 34: 2, 35: 1, 37: 2, 39: 1, 40: 1, 41: 2, 42: 2, 46: 1, 48: 2, 51: 1, 52: 1, 62: 1, 65: 1, 86: 1, 88: 1, 101: 1, 131: 1, 138: 1, 207: 1}"
1000,"{4: 13, 5: 284, 6: 190, 7: 109, 8: 87, 9: 59, 10: 45, 11: 24, 12: 27, 13: 23, 14: 18, 15: 14, 16: 12, 17: 14, 18: 6, 19: 8, 20: 6, 21: 8, 22: 4, 23: 7, 24: 1, 25: 1, 26: 1, 27: 3, 28: 3, 29: 1, 30: 1, 31: 5, 32: 2, 34: 4, 35: 1, 36: 1, 40: 1, 41: 1, 42: 1, 43: 1, 44: 1, 45: 1, 49: 1, 51: 1, 52: 1, 56: 1, 58: 1, 61: 1, 66: 1, 70: 1, 75: 1, 83: 1, 102: 1, 356: 1}"
1000,"{4: 10, 5: 292, 6: 151, 7: 124, 8: 88, 9: 63, 10: 47, 11: 35, 12: 27, 13: 21, 14: 15, 15: 15, 16: 12, 17: 14, 18: 13, 19: 5, 20: 5, 21: 3, 22: 8, 23: 5, 24: 2, 25: 6, 26: 6, 27: 2, 28: 2, 29: 1, 30: 1, 31: 2, 32: 1, 33: 1, 34: 2, 35: 2, 36: 4, 38: 1, 39: 1, 43: 1, 46: 1, 48: 1, 62: 1, 64: 1, 71: 1, 74: 1, 75: 1, 80: 1, 87: 1, 91: 1, 155: 1, 203: 1}"
1000,"{4: 8, 5: 297, 6: 179, 7: 110, 8: 71, 9: 56, 10: 44, 11: 45, 12: 20, 13: 34, 14: 15, 15: 12, 16: 16, 17: 13, 18: 6, 19: 6, 20: 7, 21: 6, 22: 1, 23: 3, 24: 3, 25: 3, 26: 4, 27: 1, 28: 5, 29: 1, 30: 3, 31: 2, 32: 1, 33: 3, 34: 3, 35: 2, 36: 3, 38: 1, 43: 1, 47: 1, 49: 1, 51: 1, 52: 2, 58: 1, 64: 2, 72: 1, 73: 2, 83: 1, 118: 1, 138: 1, 193: 1}"
1000,"{4: 9, 5: 282, 6: 187, 7: 124, 8: 75, 9: 67, 10: 26, 11: 33, 12: 37, 13: 25, 14: 13, 15: 15, 16: 6, 17: 14, 18: 10, 19: 4, 20: 8, 21: 6, 22: 10, 23: 4, 24: 3, 25: 5, 26: 1, 27: 3, 28: 1, 29: 1, 30: 2, 31: 1, 32: 3, 33: 4, 38: 1, 39: 1, 40: 2, 42: 2, 44: 2, 45: 1, 47: 1, 52: 1, 53: 1, 56: 1, 58: 1, 63: 1, 70: 1, 78: 1, 100: 2, 129: 1, 251: 1}"
1000,"{4: 10, 5: 292, 6: 169, 7: 117, 8: 86, 9: 60, 10: 43, 11: 29, 12: 33, 13: 27, 14: 15, 15: 17, 16: 11, 17: 7, 18: 8, 19: 9, 20: 9, 21: 4, 22: 3, 23: 4, 24: 6, 25: 4, 27: 3, 28: 2, 29: 2, 31: 2, 33: 1, 34: 3, 36: 2, 38: 2, 39: 2, 40: 1, 41: 1, 42: 2, 45: 2, 46: 1, 49: 1, 50: 2, 51: 1, 52: 1, 62: 1, 75: 1, 76: 1, 105: 1, 189: 1, 254: 1}"
1000,"{4: 13, 5: 274, 6: 179, 7: 138, 8: 83, 9: 54, 10: 43, 11: 27, 12: 37, 13: 23, 14: 15, 15: 12, 16: 11, 17: 11, 18: 9, 19: 3, 20: 5, 21: 6, 22: 2, 23: 2, 24: 2, 25: 4, 26: 2, 27: 3, 28: 4, 29: 6, 30: 1, 31: 3, 32: 3, 34: 4, 35: 1, 36: 3, 37: 2, 40: 1, 41: 1, 42: 1, 43: 3, 46: 1, 58: 1, 59: 1, 67: 1, 89: 1, 97: 1, 103: 1, 146: 1, 289: 1}"
1000,"{4: 12, 5: 288, 6: 159, 7: 122, 8: 84, 9: 63, 10: 50, 11: 35, 12: 29, 13: 24, 14: 18, 15: 9, 16: 9, 17: 14, 18: 7, 19: 7, 20: 6, 21: 5, 22: 7, 23: 10, 24: 1, 25: 4, 26: 1, 27: 2, 28: 3, 29: 2, 30: 2, 31: 1, 32: 2, 33: 2, 35: 1, 37: 2, 38: 1, 39: 1, 40: 1, 41: 2, 44: 1, 46: 1, 50: 1, 55: 1, 64: 1, 65: 1, 69: 2, 70: 1, 89: 1, 116: 1, 128: 1, 129: 1, 154: 1}"
1000,"{3: 1, 4: 11, 5: 303, 6: 165, 7: 117, 8: 94, 9: 54, 10: 40, 11: 30, 12: 34, 13: 12, 14: 17, 15: 13, 16: 9, 17: 18, 18: 13, 19: 10, 20: 7, 21: 5, 22: 5, 24: 1, 25: 4, 26: 2, 27: 2, 28: 2, 29: 1, 31: 2, 33: 1, 34: 2, 36: 2, 37: 2, 38: 1, 39: 1, 41: 1, 45: 2, 47: 1, 49: 1, 50: 2, 53: 1, 57: 1, 59: 1, 62: 1, 70: 2, 76: 1, 81: 1, 98: 1, 100: 1, 113: 1, 299: 1}"
1000,"{4: 15, 5: 278, 6: 174, 7: 126, 8: 81, 9: 45, 10: 43, 11: 38, 12: 30, 13: 31, 14: 15, 15: 19, 16: 16, 17: 6, 18: 9, 19: 8, 20: 5, 21: 4, 22: 7, 23: 4, 24: 2, 25: 2, 26: 1, 27: 2, 28: 3, 29: 1, 30: 2, 31: 2, 32: 3, 33: 2, 34: 1, 35: 1, 36: 2, 37: 1, 38: 2, 39: 3, 41: 2, 42: 1, 43: 2, 45: 1, 48: 1, 52: 1, 65: 1, 70: 2, 73: 1, 76: 1, 108: 1, 194: 1, 205: 1}"
1000,"{3: 1, 4: 12, 5: 272, 6: 183, 7: 115, 8: 78, 9: 53, 10: 47, 11: 52, 12: 21, 13: 21, 14: 17, 15: 24, 16: 14, 17: 16, 18: 7, 19: 3, 20: 6, 21: 5, 22: 6, 23: 3, 24: 5, 25: 1, 26: 2, 27: 2, 28: 1, 29: 1, 30: 3, 31: 1, 32: 1, 33: 1, 34: 1, 35: 1, 36: 1, 37: 3, 39: 1, 40: 1, 41: 2, 42: 2, 43: 2, 45: 1, 47: 1, 50: 1, 51: 2, 59: 1, 65: 1, 67: 1, 71: 1, 76: 1, 140: 1, 273: 1}"
1000,"{4: 6, 5: 288, 6: 175, 7: 115, 8: 80, 9: 79, 10: 46, 11: 24, 12: 20, 13: 22, 14: 24, 15: 14, 16: 10, 17: 10, 18: 9, 19: 7, 20: 4, 21: 5, 22: 4, 23: 10, 24: 4, 25: 1, 26: 4, 27: 1, 28: 6, 29: 1, 31: 1, 32: 1, 33: 1, 34: 2, 35: 2, 36: 1, 38: 1, 39: 1, 40: 1, 47: 1, 48: 2, 49: 1, 50: 2, 51: 3, 52: 1, 53: 1, 56: 2, 70: 1, 74: 1, 88: 1, 107: 1, 119: 1, 121: 1, 155: 1}"
1000,"{3: 1, 4: 11, 5: 287, 6: 183, 7: 114, 8: 74, 9: 72, 10: 44, 11: 29, 12: 31, 13: 15, 14: 14, 15: 17, 16: 13, 17: 9, 18: 3, 19: 10, 20: 1, 21: 11, 22: 7, 23: 7, 24: 4, 25: 2, 26: 2, 27: 4, 28: 2, 29: 4, 30: 4, 31: 1, 33: 1, 36: 1, 37: 2, 38: 1, 39: 1, 41: 1, 42: 1, 43: 1, 45: 2, 50: 1, 54: 1, 62: 1, 64: 1, 68: 1, 71: 1, 72: 1, 73: 1, 74: 1, 75: 1, 104: 1, 181: 1, 192: 1}"
1000,"{2: 1, 3: 1, 4: 13, 5: 293, 6: 174, 7: 110, 8: 90, 9: 51, 10: 58, 11: 36, 12: 32, 13: 10, 14: 16, 15: 9, 16: 13, 17: 10, 18: 8, 19: 5, 20: 7, 21: 2, 22: 7, 23: 6, 24: 3, 25: 5, 26: 5, 27: 2, 28: 4, 29: 1, 31: 1, 32: 2, 33: 1, 34: 1, 36: 1, 37: 1, 38: 2, 40: 3, 43: 2, 44: 1, 45: 1, 46: 1, 59: 1, 61: 1, 63: 1, 69: 1, 73: 1, 81: 1, 85: 1, 95: 1, 116: 1, 117: 1, 271: 1}"
1000,"{4: 17, 5: 284, 6: 162, 7: 125, 8: 92, 9: 59, 10: 46, 11: 33, 12: 28, 13: 23, 14: 18, 15: 17, 16: 10, 17: 8, 18: 8, 19: 8, 20: 4, 21: 3, 22: 5, 23: 4, 24: 1, 25: 3, 26: 5, 27: 2, 28: 5, 29: 3, 30: 3, 31: 1, 33: 3, 34: 1, 36: 1, 42: 1, 45: 3, 46: 1, 48: 1, 50: 2, 52: 3, 53: 1, 56: 1, 85: 1, 106: 1, 126: 1, 174: 1, 253: 1}"
1000,"{4: 9, 5: 278, 6: 172, 7: 134, 8: 69, 9: 79, 10: 45, 11: 36, 12: 25, 13: 27, 14: 19, 15: 10, 16: 13, 17: 13, 18: 1, 19: 8, 20: 4, 21: 4, 22: 2, 23: 5, 24: 2, 25: 4, 26: 4, 27: 1, 28: 1, 29: 2, 31: 3, 33: 2, 34: 3, 35: 1, 36: 3, 38: 1, 40: 1, 41: 1, 42: 3, 43: 2, 45: 1, 49: 2, 50: 2, 57: 1, 68: 1, 70: 1, 83: 1, 86: 1, 106: 1, 137: 1, 282: 1}"
1000,"{4: 6, 5: 289, 6: 171, 7: 111, 8: 90, 9: 63, 10: 60, 11: 34, 12: 24, 13: 26, 14: 14, 15: 12, 16: 8, 17: 8, 18: 7, 19: 5, 20: 5, 21: 7, 22: 7, 23: 3, 24: 4, 25: 3, 26: 6, 27: 3, 28: 1, 29: 4, 31: 1, 32: 2, 34: 1, 35: 2, 36: 3, 37: 1, 38: 2, 40: 3, 44: 1, 45: 2, 46: 1, 49: 1, 54: 1, 57: 1, 64: 1, 87: 1, 92: 1, 94: 1, 106: 1, 184: 1, 217: 1}"
1000,"{4: 19, 5: 291, 6: 158, 7: 123, 8: 84, 9: 61, 10: 41, 11: 39, 12: 25, 13: 17, 14: 16, 15: 19, 16: 9, 17: 12, 18: 11, 19: 7, 20: 6, 21: 3, 22: 6, 23: 5, 24: 3, 26: 5, 27: 2, 28: 3, 29: 2, 30: 4, 31: 2, 32: 3, 33: 1, 34: 2, 35: 1, 36: 1, 38: 1, 40: 2, 42: 2, 44: 1, 49: 1, 50: 1, 52: 2, 53: 1, 63: 1, 75: 1, 80: 3, 91: 1, 199: 1, 202: 1}"
1000,"{4: 11, 5: 271, 6: 177, 7: 124, 8: 88, 9: 61, 10: 50, 11: 28, 12: 32, 13: 16, 14: 15, 15: 18, 16: 13, 17: 13, 18: 7, 19: 7, 20: 7, 21: 4, 22: 7, 23: 7, 24: 4, 25: 2, 26: 2, 27: 3, 29: 3, 30: 3, 31: 1, 32: 2, 34: 2, 35: 1, 36: 4, 37: 2, 40: 1, 41: 2, 43: 2, 46: 1, 54: 2, 60: 1, 66: 1, 69: 1, 102: 1, 122: 1, 166: 1, 249: 1}"
1000,"{3: 1, 4: 7, 5: 296, 6: 180, 7: 113, 8: 73, 9: 59, 10: 47, 11: 34, 12: 35, 13: 16, 14: 16, 15: 16, 16: 10, 17: 10, 18: 13, 19: 8, 20: 4, 21: 4, 22: 6, 23: 3, 24: 2, 25: 1, 26: 1, 27: 5, 28: 4, 29: 3, 30: 3, 31: 2, 32: 1, 33: 3, 34: 3, 35: 3, 36: 3, 37: 1, 39: 2, 45: 1, 50: 2, 55: 1, 58: 1, 77: 1, 89: 1, 94: 1, 99: 1, 114: 1, 137: 1, 241: 1}"
1000,"{4: 13, 5: 273, 6: 178, 7: 125, 8: 95, 9: 66, 10: 36, 11: 29, 12: 25, 13: 19, 14: 15, 15: 16, 16: 7, 17: 12, 18: 13, 19: 6, 20: 12, 21: 6, 22: 7, 23: 4, 24: 3, 25: 4, 27: 2, 28: 3, 29: 4, 30: 1, 31: 1, 33: 2, 35: 3, 37: 1, 40: 1, 41: 2, 43: 2, 46: 1, 48: 1, 49: 1, 52: 1, 53: 1, 54: 1, 56: 1, 57: 1, 59: 1, 66: 1, 102: 1, 114: 1, 119: 1, 266: 1}"
1000,"{4: 8, 5: 286, 6: 165, 7: 129, 8: 93, 9: 44, 10: 53, 11: 29, 12: 26, 13: 27, 14: 25, 15: 14, 16: 9, 17: 10, 18: 11, 19: 10, 20: 5, 21: 5, 23: 4, 24: 4, 25: 4, 26: 2, 28: 5, 29: 4, 30: 1, 31: 1, 33: 1, 34: 3, 36: 1, 39: 2, 40: 1, 41: 1, 43: 1, 44: 1, 45: 1, 47: 1, 52: 1, 54: 1, 59: 1, 64: 1, 68: 1, 69: 1, 72: 1, 73: 1, 76: 1, 77: 1, 82: 1, 106: 1, 287: 1}"
1000,"{4: 6, 5: 278, 6: 177, 7: 125, 8: 88, 9: 65, 10: 39, 11: 29, 12: 41, 13: 20, 14: 17, 15: 8, 16: 8, 17: 9, 18: 12, 19: 4, 20: 7, 21: 5, 22: 8, 24: 4, 25: 3, 26: 3, 27: 4, 28: 5, 29: 3, 30: 2, 31: 1, 32: 3, 33: 3, 34: 1, 35: 1, 36: 2, 37: 1, 38: 1, 40: 1, 42: 2, 44: 1, 45: 2, 50: 1, 57: 1, 63: 1, 64: 1, 71: 1, 76: 1, 78: 1, 87: 1, 97: 1, 101: 1, 227: 1}"
1000,"{4: 13, 5: 286, 6: 163, 7: 128, 8: 102, 9: 51, 10: 46, 11: 36, 12: 23, 13: 24, 14: 14, 15: 10, 16: 8, 17: 8, 18: 10, 19: 7, 20: 9, 21: 3, 22: 6, 23: 5, 24: 2, 25: 1, 26: 3, 27: 4, 28: 2, 30: 4, 31: 2, 32: 5, 34: 1, 35: 1, 37: 1, 38: 2, 39: 1, 40: 2, 41: 3, 42: 1, 44: 1, 48: 1, 50: 1, 55: 2, 60: 2, 65: 1, 77: 1, 119: 1, 120: 1, 122: 1, 267: 1}"
1000,"{4: 7, 5: 282, 6: 165, 7: 122, 8: 83, 9: 68, 10: 49, 11: 38, 12: 30, 13: 20, 14: 17, 15: 11, 16: 8, 17: 11, 18: 10, 19: 5, 20: 8, 21: 4, 22: 9, 23: 3, 24: 3, 25: 6, 26: 4, 27: 5, 28: 3, 29: 1, 30: 4, 31: 3, 32: 1, 33: 1, 35: 1, 37: 1, 38: 2, 41: 1, 44: 1, 45: 1, 48: 1, 49: 1, 52: 1, 56: 1, 62: 1, 71: 1, 81: 1, 95: 1, 98: 1, 104: 1, 137: 1, 200: 1}"
1000,"{4: 8, 5: 280, 6: 175, 7: 119, 8: 82, 9: 55, 10: 44, 11: 40, 12: 25, 13: 29, 14: 21, 15: 18, 16: 10, 17: 9, 18: 11, 19: 8, 20: 8, 21: 3, 22: 1, 23: 8, 24: 2, 25: 4, 26: 2, 27: 6, 28: 2, 29: 4, 30: 1, 31: 1, 33: 1, 34: 3, 35: 1, 36: 2, 37: 1, 38: 1, 39: 1, 42: 2, 43: 1, 47: 1, 49: 1, 52: 1, 54: 1, 62: 1, 76: 1, 77: 1, 78: 1, 117: 1, 134: 1, 240: 1}"
1000,"{4: 11, 5: 295, 6: 172, 7: 118, 8: 73, 9: 57, 10: 30, 11: 39, 12: 30, 13: 27, 14: 22, 15: 13, 16: 12, 17: 5, 18: 18, 19: 9, 20: 4, 21: 7, 22: 6, 23: 3, 24: 3, 25: 6, 26: 2, 27: 3, 28: 2, 29: 2, 30: 1, 31: 1, 32: 1, 33: 1, 34: 2, 35: 3, 36: 2, 39: 3, 42: 2, 43: 1, 44: 3, 45: 1, 50: 1, 57: 2, 61: 1, 63: 1, 66: 1, 72: 1, 90: 1, 113: 1, 245: 1}"
1000,"{4: 5, 5: 260, 6: 197, 7: 122, 8: 85, 9: 68, 10: 44, 11: 22, 12: 24, 13: 22, 14: 15, 15: 12, 16: 18, 17: 15, 18: 11, 19: 14, 20: 11, 21: 3, 22: 6, 23: 3, 24: 6, 25: 2, 26: 4, 27: 1, 28: 1, 31: 2, 32: 1, 33: 2, 37: 2, 38: 2, 41: 3, 43: 3, 44: 1, 45: 2, 51: 1, 61: 2, 66: 1, 81: 1, 85: 1, 88: 1, 106: 1, 110: 1, 116: 1, 155: 1}"
1000,"{4: 10, 5: 300, 6: 171, 7: 110, 8: 79, 9: 53, 10: 51, 11: 30, 12: 34, 13: 20, 14: 21, 15: 15, 16: 14, 17: 10, 18: 8, 19: 9, 20: 6, 21: 5, 22: 9, 23: 8, 24: 2, 26: 3, 27: 2, 28: 1, 29: 2, 30: 1, 31: 1, 32: 4, 33: 1, 34: 2, 35: 2, 37: 1, 38: 1, 40: 1, 42: 1, 45: 1, 46: 1, 49: 1, 50: 1, 52: 1, 61: 1, 63: 1, 74: 1, 87: 1, 95: 1, 160: 1, 329: 1}"
1000,"{4: 9, 5: 273, 6: 193, 7: 111, 8: 81, 9: 55, 10: 56, 11: 31, 12: 30, 13: 21, 14: 19, 15: 9, 16: 13, 17: 10, 18: 11, 19: 8, 20: 6, 21: 7, 22: 3, 23: 3, 24: 2, 25: 2, 26: 2, 27: 3, 28: 3, 29: 3, 31: 3, 32: 1, 33: 4, 35: 4, 36: 3, 38: 2, 39: 2, 40: 2, 41: 2, 43: 1, 44: 1, 45: 1, 47: 1, 48: 1, 51: 1, 55: 1, 63: 1, 72: 1, 91: 1, 102: 1, 116: 1, 228: 1}"
1000,"{4: 6, 5: 292, 6: 178, 7: 99, 8: 89, 9: 53, 10: 53, 11: 35, 12: 30, 13: 32, 14: 17, 15: 12, 16: 8, 17: 7, 18: 9, 19: 7, 20: 7, 21: 5, 22: 4, 23: 6, 24: 6, 25: 6, 26: 3, 27: 3, 28: 3, 29: 4, 30: 3, 32: 1, 33: 2, 34: 2, 36: 2, 37: 1, 40: 1, 42: 1, 43: 1, 47: 1, 50: 1, 52: 1, 57: 1, 61: 1, 66: 1, 70: 1, 72: 1, 78: 1, 101: 1, 197: 1, 200: 1}"
1000,"{4: 11, 5: 294, 6: 171, 7: 100, 8: 77, 9: 68, 10: 50, 11: 42, 12: 33, 13: 13, 14: 19, 15: 14, 16: 13, 17: 10, 18: 9, 19: 8, 20: 3, 21: 8, 22: 4, 23: 4, 24: 6, 25: 3, 26: 5, 27: 6, 28: 1, 29: 1, 30: 1, 32: 1, 33: 4, 36: 2, 37: 1, 39: 2, 40: 1, 42: 2, 44: 1, 45: 1, 46: 1, 47: 1, 49: 1, 51: 1, 55: 1, 65: 1, 81: 1, 86: 1, 139: 1, 141: 1, 240: 1}"
1000,"{4: 17, 5: 271, 6: 192, 7: 119, 8: 80, 9: 50, 10: 52, 11: 33, 12: 25, 13: 22, 14: 21, 15: 13, 16: 13, 17: 8, 18: 9, 19: 5, 20: 2, 21: 4, 22: 8, 23: 3, 24: 2, 25: 6, 26: 6, 27: 2, 28: 5, 29: 1, 30: 1, 32: 2, 33: 2, 34: 2, 35: 3, 36: 1, 37: 2, 40: 1, 42: 1, 43: 1, 44: 1, 45: 1, 46: 1, 50: 1, 51: 1, 57: 1, 59: 1, 63: 1, 66: 1, 73: 1, 76: 2, 79: 1, 88: 1, 276: 1}"
1000,"{3: 1, 4: 7, 5: 285, 6: 197, 7: 100, 8: 82, 9: 61, 10: 37, 11: 37, 12: 31, 13: 19, 14: 17, 15: 14, 16: 11, 17: 15, 18: 10, 19: 7, 20: 11, 21: 4, 22: 7, 23: 4, 24: 3, 25: 4, 26: 4, 27: 4, 28: 1, 29: 1, 30: 3, 31: 2, 32: 1, 34: 2, 36: 1, 37: 1, 38: 1, 41: 1, 44: 1, 45: 1, 48: 1, 51: 1, 52: 1, 54: 1, 63: 1, 68: 1, 71: 2, 95: 1, 120: 1, 202: 1, 246: 1}"
1000,"{4: 19, 5: 292, 6: 186, 7: 105, 8: 90, 9: 55, 10: 43, 11: 23, 12: 24, 13: 23, 14: 18, 15: 11, 16: 17, 17: 11, 18: 5, 19: 10, 20: 6, 21: 2, 22: 6, 23: 9, 24: 6, 25: 4, 26: 2, 27: 1, 29: 2, 30: 1, 31: 1, 32: 2, 33: 2, 34: 4, 35: 3, 36: 1, 38: 1, 39: 1, 40: 1, 43: 1, 45: 1, 46: 1, 47: 2, 48: 1, 53: 1, 56: 1, 57: 1, 108: 1, 120: 1, 138: 1, 339: 1}"
1000,"{3: 1, 4: 12, 5: 284, 6: 154, 7: 128, 8: 97, 9: 75, 10: 46, 11: 31, 12: 20, 13: 17, 14: 21, 15: 13, 16: 5, 17: 8, 18: 9, 19: 7, 20: 3, 21: 6, 22: 6, 23: 4, 24: 5, 25: 1, 26: 1, 27: 4, 28: 5, 29: 2, 30: 4, 31: 3, 32: 4, 34: 3, 35: 3, 36: 2, 37: 1, 38: 1, 42: 2, 43: 1, 48: 2, 50: 1, 53: 1, 55: 1, 63: 1, 70: 1, 74: 1, 99: 1, 105: 1, 325: 1}"
1000,"{3: 1, 4: 8, 5: 294, 6: 171, 7: 113, 8: 78, 9: 68, 10: 47, 11: 33, 12: 24, 13: 15, 14: 10, 15: 16, 16: 12, 17: 12, 18: 16, 19: 6, 20: 11, 21: 8, 22: 4, 23: 5, 24: 5, 25: 6, 26: 4, 27: 2, 28: 5, 31: 2, 32: 3, 33: 2, 34: 2, 35: 1, 37: 1, 39: 1, 41: 2, 44: 1, 57: 1, 68: 1, 71: 1, 75: 2, 78: 1, 83: 1, 84: 1, 91: 1, 130: 1, 215: 1}"
1000,"{4: 9, 5: 286, 6: 166, 7: 125, 8: 90, 9: 55, 10: 38, 11: 44, 12: 27, 13: 15, 14: 25, 15: 14, 16: 11, 17: 13, 18: 6, 19: 8, 20: 11, 21: 4, 22: 4, 23: 5, 24: 2, 25: 1, 26: 4, 27: 3, 28: 4, 29: 1, 30: 2, 31: 3, 33: 3, 35: 1, 37: 3, 38: 1, 39: 1, 40: 1, 44: 1, 50: 1, 52: 2, 54: 1, 65: 1, 68: 1, 69: 1, 72: 1, 83: 1, 96: 2, 124: 1, 233: 1}"
1000,"{4: 13, 5: 289, 6: 188, 7: 114, 8: 78, 9: 70, 10: 33, 11: 36, 12: 27, 13: 20, 14: 19, 15: 15, 16: 6, 17: 10, 18: 6, 19: 9, 20: 6, 21: 5, 22: 4, 23: 4, 24: 1, 25: 4, 26: 2, 27: 2, 28: 2, 30: 2, 31: 1, 32: 3, 33: 3, 35: 2, 36: 3, 37: 2, 38: 1, 40: 3, 43: 3, 44: 2, 45: 1, 47: 1, 50: 1, 55: 1, 56: 1, 63: 1, 70: 1, 71: 1, 74: 1, 129: 1, 154: 1, 286: 1}"
1000,"{3: 1, 4: 14, 5: 290, 6: 187, 7: 106, 8: 87, 9: 50, 10: 31, 11: 34, 12: 25, 13: 25, 14: 31, 15: 21, 16: 5, 17: 8, 18: 4, 19: 10, 20: 4, 21: 4, 22: 8, 23: 3, 24: 2, 25: 5, 26: 6, 27: 4, 28: 2, 29: 2, 30: 1, 31: 2, 32: 3, 33: 2, 34: 1, 37: 1, 38: 1, 39: 1, 40: 1, 43: 1, 45: 1, 46: 1, 47: 1, 51: 1, 53: 1, 55: 1, 57: 2, 58: 1, 59: 1, 62: 1, 69: 1, 70: 1, 73: 1, 93: 1, 130: 1, 214: 1}"
1000,"{3: 2, 4: 15, 5: 270, 6: 199, 7: 117, 8: 68, 9: 64, 10: 54, 11: 33, 12: 25, 13: 21, 14: 21, 15: 14, 16: 10, 17: 12, 18: 8, 19: 5, 20: 7, 21: 1, 22: 5, 23: 5, 24: 1, 25: 3, 26: 3, 27: 3, 28: 3, 29: 1, 30: 2, 32: 2, 33: 2, 34: 1, 35: 1, 36: 1, 37: 2, 39: 1, 42: 1, 44: 1, 49: 1, 50: 1, 53: 2, 55: 1, 58: 3, 62: 1, 67: 1, 70: 1, 72: 1, 73: 1, 79: 1, 94: 1, 336: 1}"
1000,"{4: 10, 5: 287, 6: 171, 7: 122, 8: 83, 9: 67, 10: 52, 11: 26, 12: 23, 13: 17, 14: 11, 15: 14, 16: 16, 17: 12, 18: 7, 19: 9, 20: 8, 21: 7, 22: 5, 23: 8, 24: 6, 25: 4, 26: 2, 28: 2, 29: 2, 30: 2, 31: 3, 32: 1, 34: 2, 36: 2, 37: 1, 38: 1, 39: 2, 42: 1, 44: 2, 46: 1, 48: 2, 53: 1, 77: 1, 84: 1, 90: 1, 95: 1, 110: 1, 111: 1, 170: 1, 180: 1}"
1000,"{4: 15, 5: 298, 6: 151, 7: 125, 8: 86, 9: 61, 10: 54, 11: 30, 12: 23, 13: 20, 14: 13, 15: 20, 16: 13, 17: 11, 18: 8, 19: 7, 20: 12, 21: 4, 23: 1, 24: 3, 25: 3, 26: 8, 27: 2, 28: 2, 29: 1, 30: 2, 31: 1, 33: 1, 34: 2, 35: 2, 38: 1, 41: 2, 43: 1, 44: 1, 47: 1, 51: 1, 53: 1, 56: 1, 59: 2, 63: 1, 65: 1, 67: 1, 68: 2, 72: 1, 79: 1, 89: 1, 175: 1, 224: 1}"
1000,"{4: 7, 5: 275, 6: 201, 7: 123, 8: 83, 9: 59, 10: 33, 11: 30, 12: 29, 13: 22, 14: 18, 15: 10, 16: 9, 17: 12, 18: 8, 19: 10, 20: 4, 21: 4, 22: 1, 23: 5, 24: 3, 25: 2, 26: 10, 27: 3, 28: 2, 29: 3, 30: 1, 31: 2, 32: 1, 34: 1, 35: 2, 37: 1, 38: 1, 40: 3, 41: 2, 42: 1, 43: 2, 48: 1, 49: 4, 51: 2, 52: 1, 53: 1, 56: 1, 57: 1, 58: 1, 60: 1, 68: 1, 75: 1, 141: 1, 229: 1}"
1000,"{4: 4, 5: 287, 6: 189, 7: 108, 8: 83, 9: 59, 10: 47, 11: 34, 12: 23, 13: 24, 14: 13, 15: 15, 16: 11, 17: 10, 18: 9, 19: 7, 20: 6, 21: 13, 22: 7, 23: 4, 24: 1, 25: 6, 26: 3, 27: 3, 29: 3, 31: 6, 32: 1, 33: 1, 34: 1, 35: 3, 36: 1, 37: 1, 39: 1, 40: 1, 41: 1, 43: 1, 44: 1, 45: 1, 49: 1, 53: 1, 57: 1, 60: 1, 62: 1, 64: 1, 92: 1, 100: 1, 116: 1, 176: 1, 186: 1}"
1000,"{4: 12, 5: 285, 6: 187, 7: 109, 8: 91, 9: 56, 10: 40, 11: 33, 12: 26, 13: 18, 14: 18, 15: 16, 16: 16, 17: 12, 18: 6, 19: 9, 20: 10, 21: 1, 22: 7, 23: 4, 24: 1, 25: 5, 26: 2, 27: 3, 28: 4, 29: 1, 32: 4, 35: 1, 39: 2, 41: 1, 42: 1, 43: 3, 45: 1, 47: 1, 48: 2, 50: 1, 52: 1, 65: 2, 66: 1, 67: 1, 68: 1, 69: 1, 71: 1, 76: 1, 120: 1, 316: 1}"
1000,"{3: 1, 4: 13, 5: 293, 6: 167, 7: 118, 8: 81, 9: 58, 10: 46, 11: 29, 12: 22, 13: 20, 14: 18, 15: 17, 16: 10, 17: 14, 18: 9, 19: 11, 20: 9, 21: 6, 22: 5, 23: 4, 24: 3, 25: 3, 26: 2, 27: 3, 28: 3, 29: 4, 30: 4, 31: 3, 32: 1, 33: 1, 35: 2, 37: 2, 38: 1, 39: 1, 40: 2, 42: 1, 43: 1, 52: 1, 53: 1, 54: 1, 55: 2, 62: 2, 66: 1, 113: 1, 117: 1, 138: 1, 189: 1}"
1000,"{3: 1, 4: 13, 5: 266, 6: 192, 7: 127, 8: 87, 9: 50, 10: 46, 11: 33, 12: 23, 13: 29, 14: 13, 15: 14, 16: 10, 17: 10, 18: 11, 19: 5, 20: 7, 21: 4, 22: 10, 23: 2, 24: 4, 25: 3, 26: 8, 27: 1, 28: 2, 29: 4, 31: 1, 33: 2, 34: 3, 36: 3, 37: 1, 39: 1, 42: 2, 46: 1, 49: 1, 52: 1, 57: 2, 59: 1, 64: 1, 70: 1, 85: 1, 102: 1, 141: 1, 292: 1}"
1000,"{4: 9, 5: 288, 6: 159, 7: 115, 8: 95, 9: 58, 10: 56, 11: 30, 12: 29, 13: 19, 14: 15, 15: 14, 16: 10, 17: 10, 18: 8, 19: 14, 20: 8, 21: 8, 22: 5, 24: 6, 25: 2, 26: 7, 27: 3, 28: 2, 29: 2, 30: 1, 31: 1, 32: 4, 33: 1, 34: 1, 35: 2, 37: 1, 38: 1, 39: 1, 41: 1, 44: 1, 53: 1, 54: 1, 55: 1, 56: 1, 57: 2, 81: 1, 86: 1, 91: 1, 93: 1, 110: 1, 135: 1, 173: 1}"
1000,"{4: 10, 5: 282, 6: 180, 7: 114, 8: 87, 9: 69, 10: 36, 11: 36, 12: 28, 13: 27, 14: 14, 15: 10, 16: 12, 17: 8, 18: 5, 19: 9, 20: 3, 21: 7, 22: 8, 23: 3, 24: 4, 25: 10, 26: 3, 27: 3, 28: 3, 29: 2, 31: 3, 33: 3, 34: 1, 35: 2, 37: 1, 39: 1, 40: 1, 42: 1, 47: 1, 48: 1, 49: 1, 53: 1, 57: 2, 60: 1, 61: 1, 67: 1, 76: 1, 89: 1, 136: 1, 161: 1, 223: 1}"
1000,"{3: 1, 4: 10, 5: 280, 6: 172, 7: 119, 8: 77, 9: 64, 10: 56, 11: 32, 12: 24, 13: 22, 14: 19, 15: 12, 16: 11, 17: 16, 18: 9, 19: 5, 20: 7, 21: 9, 22: 3, 23: 4, 24: 3, 25: 3, 26: 9, 28: 3, 30: 1, 31: 2, 32: 1, 34: 2, 37: 2, 38: 4, 39: 3, 40: 2, 41: 1, 42: 2, 46: 1, 49: 1, 51: 1, 54: 1, 64: 1, 66: 1, 106: 1, 145: 1, 149: 1, 183: 1}"
1000,"{4: 10, 5: 297, 6: 176, 7: 110, 8: 81, 9: 63, 10: 45, 11: 35, 12: 23, 13: 18, 14: 15, 15: 19, 16: 12, 17: 14, 18: 8, 19: 6, 20: 8, 21: 1, 22: 6, 23: 4, 24: 5, 25: 2, 26: 4, 27: 1, 28: 4, 29: 2, 31: 4, 32: 1, 33: 3, 35: 2, 36: 3, 38: 1, 39: 2, 40: 1, 43: 1, 45: 1, 48: 2, 51: 1, 72: 1, 75: 1, 79: 1, 80: 1, 83: 1, 91: 1, 123: 1, 142: 1, 217: 1}"
1000,"{4: 9, 5: 284, 6: 177, 7: 113, 8: 84, 9: 54, 10: 56, 11: 30, 12: 28, 13: 20, 14: 21, 15: 22, 16: 10, 17: 7, 18: 10, 19: 6, 20: 8, 21: 2, 22: 6, 23: 5, 24: 5, 25: 2, 26: 6, 27: 5, 28: 3, 30: 1, 32: 2, 33: 1, 34: 1, 37: 3, 38: 1, 43: 2, 45: 1, 47: 2, 48: 1, 50: 1, 51: 1, 57: 1, 61: 1, 64: 1, 66: 1, 71: 1, 94: 1, 95: 1, 99: 1, 103: 1, 233: 1}"
1000,"{4: 10, 5: 299, 6: 169, 7: 108, 8: 89, 9: 50, 10: 50, 11: 40, 12: 22, 13: 21, 14: 17, 15: 23, 16: 12, 17: 7, 18: 3, 19: 8, 20: 7, 21: 3, 22: 6, 23: 5, 24: 3, 25: 5, 26: 3, 27: 3, 28: 2, 29: 2, 30: 3, 32: 2, 33: 1, 35: 1, 36: 1, 37: 3, 39: 2, 40: 3, 41: 1, 42: 1, 43: 1, 46: 3, 50: 1, 52: 1, 57: 2, 58: 1, 61: 1, 62: 1, 70: 1, 76: 1, 132: 1, 271: 1}"
1000,"{4: 8, 5: 276, 6: 191, 7: 112, 8: 82, 9: 65, 10: 43, 11: 38, 12: 28, 13: 17, 14: 20, 15: 9, 16: 13, 17: 15, 18: 11, 19: 7, 20: 4, 21: 5, 22: 9, 23: 3, 24: 5, 25: 2, 26: 3, 27: 3, 28: 2, 29: 1, 30: 1, 31: 1, 33: 2, 36: 1, 37: 2, 38: 1, 41: 2, 42: 2, 43: 1, 45: 1, 47: 2, 52: 1, 61: 1, 68: 3, 76: 1, 79: 1, 82: 1, 84: 1, 101: 1, 105: 1, 209: 1}"
1000,"{4: 8, 5: 277, 6: 170, 7: 130, 8: 84, 9: 52, 10: 55, 11: 35, 12: 33, 13: 23, 14: 22, 15: 14, 16: 9, 17: 13, 18: 3, 19: 6, 20: 10, 21: 3, 22: 5, 23: 5, 24: 3, 25: 3, 26: 5, 28: 1, 29: 1, 30: 2, 33: 2, 34: 1, 36: 1, 37: 2, 38: 2, 41: 1, 44: 2, 46: 1, 47: 1, 48: 2, 51: 1, 53: 1, 57: 1, 58: 1, 63: 1, 70: 1, 72: 2, 81: 1, 105: 1, 121: 1, 150: 1, 201: 1}"
1000,"{4: 7, 5: 295, 6: 168, 7: 106, 8: 95, 9: 59, 10: 47, 11: 38, 12: 26, 13: 26, 14: 16, 15: 12, 16: 7, 17: 7, 18: 7, 19: 4, 20: 7, 21: 6, 22: 7, 23: 4, 24: 4, 25: 4, 26: 3, 27: 2, 28: 7, 29: 5, 30: 1, 31: 1, 32: 2, 33: 1, 34: 1, 35: 1, 36: 4, 37: 1, 38: 1, 40: 1, 41: 1, 43: 1, 44: 1, 45: 1, 46: 1, 49: 1, 53: 1, 60: 1, 61: 1, 62: 1, 70: 2, 78: 1, 91: 1, 103: 1, 114: 1, 181: 1}"
1000,"{4: 15, 5: 292, 6: 177, 7: 117, 8: 76, 9: 63, 10: 40, 11: 31, 12: 28, 13: 30, 14: 21, 15: 7, 16: 9, 17: 8, 18: 11, 19: 8, 20: 6, 21: 7, 22: 5, 23: 5, 24: 4, 26: 2, 27: 5, 28: 3, 29: 1, 30: 1, 31: 4, 33: 1, 35: 3, 36: 2, 38: 2, 39: 2, 45: 1, 47: 1, 48: 2, 49: 1, 50: 1, 52: 1, 61: 1, 62: 1, 80: 1, 90: 1, 98: 1, 180: 1, 308: 1}"
1000,"{4: 8, 5: 278, 6: 188, 7: 120, 8: 71, 9: 59, 10: 38, 11: 44, 12: 34, 13: 19, 14: 12, 15: 17, 16: 11, 17: 10, 18: 16, 19: 8, 20: 3, 21: 8, 22: 7, 23: 2, 24: 4, 25: 3, 26: 3, 27: 2, 28: 2, 29: 3, 30: 1, 31: 1, 32: 2, 33: 1, 34: 1, 35: 1, 36: 1, 37: 1, 38: 2, 39: 1, 40: 1, 41: 1, 42: 2, 44: 1, 46: 1, 47: 1, 49: 1, 61: 1, 63: 1, 65: 1, 72: 1, 79: 1, 81: 1, 88: 2, 112: 1, 203: 1}"
1000,"{4: 10, 5: 271, 6: 200, 7: 110, 8: 74, 9: 56, 10: 46, 11: 36, 12: 32, 13: 25, 14: 18, 15: 24, 16: 10, 17: 13, 18: 11, 19: 6, 20: 5, 21: 2, 22: 1, 23: 5, 24: 4, 25: 3, 26: 2, 27: 1, 28: 3, 29: 3, 30: 1, 32: 1, 33: 2, 34: 1, 35: 1, 38: 2, 43: 1, 46: 2, 47: 4, 49: 1, 50: 1, 51: 1, 54: 1, 57: 1, 59: 1, 60: 1, 63: 1, 71: 1, 72: 1, 100: 1, 107: 2, 249: 1}"
1000,"{4: 12, 5: 292, 6: 177, 7: 117, 8: 68, 9: 67, 10: 45, 11: 32, 12: 30, 13: 21, 14: 12, 15: 17, 16: 9, 17: 16, 18: 4, 19: 5, 20: 4, 21: 9, 22: 2, 23: 5, 24: 8, 25: 4, 26: 3, 27: 4, 28: 3, 29: 5, 30: 2, 31: 2, 32: 1, 34: 1, 36: 2, 37: 2, 39: 1, 41: 1, 42: 1, 43: 1, 44: 1, 47: 1, 50: 1, 51: 1, 53: 1, 55: 1, 56: 1, 58: 1, 60: 1, 63: 1, 66: 1, 67: 1, 89: 1, 151: 1, 252: 1}"
1000,"{4: 8, 5: 285, 6: 169, 7: 125, 8: 91, 9: 63, 10: 55, 11: 31, 12: 22, 13: 17, 14: 18, 15: 8, 16: 11, 17: 9, 18: 11, 19: 8, 20: 8, 21: 10, 22: 4, 24: 4, 25: 5, 26: 3, 27: 1, 28: 1, 29: 2, 30: 3, 31: 1, 32: 2, 33: 1, 35: 3, 37: 1, 38: 1, 40: 1, 43: 1, 45: 2, 46: 3, 47: 1, 50: 1, 57: 1, 58: 1, 62: 1, 67: 1, 68: 1, 69: 1, 77: 1, 106: 1, 134: 1, 305: 1}"
1000,"{4: 11, 5: 298, 6: 189, 7: 100, 8: 89, 9: 43, 10: 44, 11: 37, 12: 28, 13: 20, 14: 17, 15: 18, 16: 12, 17: 8, 18: 3, 19: 6, 20: 11, 21: 4, 22: 5, 23: 5, 24: 5, 25: 5, 26: 5, 27: 4, 28: 3, 29: 2, 30: 1, 31: 2, 32: 2, 33: 2, 35: 1, 37: 1, 38: 2, 40: 3, 46: 1, 47: 2, 48: 1, 58: 1, 67: 1, 69: 1, 70: 1, 77: 1, 82: 1, 97: 1, 119: 1, 143: 1, 237: 1}"
1000,"{4: 13, 5: 282, 6: 187, 7: 117, 8: 85, 9: 53, 10: 43, 11: 32, 12: 37, 13: 18, 14: 13, 15: 9, 16: 16, 17: 10, 18: 8, 19: 6, 20: 5, 21: 6, 22: 4, 23: 5, 24: 6, 25: 2, 26: 4, 27: 3, 28: 1, 29: 1, 30: 3, 31: 2, 32: 3, 33: 2, 34: 1, 35: 2, 36: 1, 38: 1, 39: 1, 40: 1, 42: 3, 44: 1, 45: 1, 52: 1, 54: 1, 61: 2, 62: 1, 64: 1, 66: 2, 68: 1, 80: 1, 89: 1, 314: 1}"
1000,"{4: 14, 5: 292, 6: 164, 7: 125, 8: 80, 9: 55, 10: 39, 11: 38, 12: 30, 13: 22, 14: 19, 15: 18, 16: 14, 17: 10, 18: 7, 19: 11, 20: 4, 21: 4, 22: 3, 23: 1, 24: 3, 25: 2, 26: 3, 27: 2, 28: 2, 30: 5, 31: 3, 32: 2, 33: 2, 35: 4, 36: 3, 37: 3, 39: 1, 40: 2, 44: 1, 45: 1, 51: 1, 62: 1, 63: 2, 66: 1, 75: 2, 79: 1, 80: 1, 89: 1, 271: 1}"
1000,"{4: 8, 5: 283, 6: 180, 7: 123, 8: 95, 9: 44, 10: 47, 11: 27, 12: 30, 13: 29, 14: 15, 15: 13, 16: 6, 17: 11, 18: 6, 19: 10, 20: 5, 21: 3, 22: 8, 23: 4, 24: 6, 26: 2, 27: 2, 28: 3, 29: 4, 30: 2, 31: 6, 32: 4, 33: 3, 34: 3, 35: 1, 36: 3, 39: 1, 40: 1, 49: 2, 51: 1, 52: 1, 53: 1, 54: 2, 60: 1, 85: 1, 150: 1, 154: 1, 217: 1}"
1000,"{4: 10, 5: 279, 6: 179, 7: 121, 8: 94, 9: 59, 10: 43, 11: 32, 12: 21, 13: 26, 14: 15, 15: 12, 16: 15, 17: 9, 18: 8, 19: 10, 20: 8, 21: 6, 22: 2, 23: 6, 24: 1, 25: 2, 26: 6, 27: 2, 28: 1, 29: 2, 31: 1, 32: 3, 33: 1, 34: 2, 35: 1, 36: 2, 37: 2, 41: 1, 43: 2, 46: 2, 53: 1, 54: 2, 56: 1, 58: 1, 59: 1, 61: 1, 62: 1, 80: 1, 84: 1, 96: 1, 101: 1, 102: 1, 245: 1}"
1000,"{4: 18, 5: 298, 6: 168, 7: 109, 8: 79, 9: 71, 10: 40, 11: 40, 12: 19, 13: 22, 14: 13, 15: 18, 16: 11, 17: 8, 18: 12, 19: 10, 20: 3, 21: 5, 22: 4, 23: 2, 24: 4, 25: 1, 26: 3, 27: 5, 29: 2, 30: 1, 31: 5, 32: 2, 33: 1, 34: 1, 35: 2, 37: 4, 39: 3, 40: 1, 41: 2, 42: 1, 43: 1, 44: 1, 46: 1, 49: 1, 50: 1, 72: 2, 74: 1, 76: 1, 92: 1, 180: 1, 275: 1}"
1000,"{4: 17, 5: 287, 6: 177, 7: 126, 8: 80, 9: 46, 10: 41, 11: 38, 12: 38, 13: 14, 14: 16, 15: 18, 16: 10, 17: 8, 18: 6, 19: 9, 20: 9, 21: 3, 22: 5, 23: 2, 24: 4, 25: 2, 26: 1, 27: 2, 28: 1, 30: 3, 31: 1, 32: 3, 33: 7, 35: 2, 38: 3, 39: 1, 42: 2, 43: 2, 44: 1, 49: 1, 52: 1, 53: 2, 61: 1, 62: 1, 63: 1, 65: 1, 66: 1, 67: 1, 77: 1, 83: 1, 88: 1, 115: 1, 229: 1}"
1000,"{3: 1, 4: 10, 5: 283, 6: 171, 7: 128, 8: 78, 9: 64, 10: 49, 11: 32, 12: 21, 13: 18, 14: 25, 15: 14, 16: 12, 17: 8, 18: 10, 19: 5, 20: 7, 21: 5, 22: 6, 23: 4, 24: 2, 25: 5, 26: 6, 27: 4, 28: 4, 29: 3, 30: 1, 32: 2, 33: 2, 35: 2, 36: 2, 37: 1, 38: 1, 39: 1, 42: 1, 55: 1, 56: 1, 57: 2, 64: 1, 77: 1, 79: 1, 85: 1, 116: 1, 127: 1, 132: 1, 206: 1}"
1000,"{4: 14, 5: 274, 6: 173, 7: 138, 8: 76, 9: 52, 10: 49, 11: 36, 12: 33, 13: 18, 14: 18, 15: 17, 16: 12, 17: 11, 18: 11, 19: 5, 20: 5, 21: 5, 22: 3, 23: 8, 24: 1, 25: 4, 26: 2, 27: 3, 28: 1, 29: 1, 30: 1, 31: 1, 33: 2, 34: 3, 35: 1, 36: 2, 37: 2, 40: 1, 42: 1, 43: 1, 44: 2, 47: 1, 50: 1, 51: 2, 54: 1, 61: 2, 63: 1, 87: 1, 94: 1, 105: 1, 144: 1, 271: 1}"
1000,"{4: 10, 5: 280, 6: 181, 7: 111, 8: 89, 9: 64, 10: 40, 11: 28, 12: 36, 13: 21, 14: 14, 15: 14, 16: 17, 17: 13, 18: 5, 19: 9, 20: 4, 21: 8, 22: 6, 23: 4, 24: 5, 25: 4, 26: 1, 27: 2, 29: 2, 30: 4, 31: 4, 32: 2, 33: 1, 34: 1, 35: 2, 42: 1, 43: 3, 45: 1, 46: 1, 50: 1, 51: 1, 53: 1, 56: 1, 62: 1, 64: 1, 65: 1, 71: 1, 91: 1, 107: 1, 176: 1, 213: 1}"
1000,"{4: 13, 5: 274, 6: 178, 7: 118, 8: 76, 9: 70, 10: 48, 11: 40, 12: 23, 13: 22, 14: 20, 15: 15, 16: 17, 17: 9, 18: 9, 19: 11, 20: 4, 21: 4, 22: 6, 24: 3, 25: 4, 26: 2, 27: 4, 28: 1, 29: 2, 30: 4, 31: 2, 33: 1, 36: 1, 37: 3, 38: 2, 39: 1, 40: 1, 41: 1, 44: 1, 59: 1, 61: 1, 65: 1, 76: 1, 78: 1, 87: 1, 88: 1, 110: 1, 180: 1, 276: 1}"
1000,"{3: 1, 4: 7, 5: 291, 6: 176, 7: 105, 8: 86, 9: 58, 10: 40, 11: 28, 12: 39, 13: 31, 14: 19, 15: 19, 16: 9, 17: 13, 18: 8, 19: 5, 20: 6, 21: 3, 22: 3, 23: 6, 24: 2, 25: 3, 26: 4, 27: 1, 28: 4, 29: 3, 30: 1, 31: 2, 33: 2, 34: 2, 35: 2, 37: 2, 38: 1, 39: 1, 42: 1, 43: 1, 47: 1, 48: 1, 49: 1, 59: 3, 63: 1, 67: 1, 71: 1, 79: 1, 90: 1, 98: 1, 131: 1, 132: 1, 175: 1}"
1000,"{4: 11, 5: 284, 6: 179, 7: 122, 8: 81, 9: 43, 10: 52, 11: 33, 12: 30, 13: 26, 14: 21, 15: 14, 16: 13, 17: 10, 18: 6, 19: 7, 20: 8, 21: 7, 22: 5, 23: 4, 24: 4, 26: 2, 27: 3, 28: 4, 29: 4, 30: 2, 31: 1, 33: 1, 34: 1, 36: 2, 37: 2, 38: 2, 39: 1, 41: 2, 43: 2, 53: 2, 58: 1, 60: 1, 63: 1, 87: 1, 92: 1, 94: 1, 140: 1, 144: 1, 231: 1}"
1000,"{4: 13, 5: 282, 6: 187, 7: 106, 8: 96, 9: 54, 10: 40, 11: 31, 12: 33, 13: 28, 14: 19, 15: 12, 16: 13, 17: 9, 18: 5, 19: 4, 20: 6, 21: 8, 22: 4, 23: 2, 24: 3, 25: 5, 26: 1, 27: 3, 28: 2, 29: 2, 30: 1, 31: 1, 32: 1, 33: 1, 34: 1, 35: 1, 36: 1, 38: 3, 39: 1, 40: 1, 42: 1, 43: 1, 44: 1, 45: 1, 46: 1, 47: 1, 50: 2, 52: 1, 53: 1, 58: 1, 59: 1, 65: 1, 66: 1, 68: 1, 73: 1, 76: 1, 83: 1, 107: 1, 283: 1}"
1000,"{4: 7, 5: 281, 6: 179, 7: 110, 8: 92, 9: 52, 10: 53, 11: 29, 12: 29, 13: 34, 14: 20, 15: 14, 16: 15, 17: 1, 18: 12, 19: 6, 20: 9, 21: 5, 22: 3, 23: 5, 24: 5, 25: 2, 26: 1, 27: 2, 28: 2, 30: 2, 31: 3, 32: 1, 33: 1, 34: 2, 35: 3, 36: 3, 37: 1, 40: 2, 41: 2, 49: 1, 50: 2, 52: 1, 63: 1, 84: 1, 88: 1, 96: 1, 116: 1, 121: 1, 122: 1, 232: 1}"
1000,"{3: 1, 4: 7, 5: 276, 6: 188, 7: 116, 8: 81, 9: 67, 10: 46, 11: 33, 12: 23, 13: 17, 14: 18, 15: 21, 16: 13, 17: 8, 18: 8, 19: 9, 20: 6, 21: 4, 22: 3, 23: 3, 24: 5, 25: 2, 26: 2, 27: 4, 28: 4, 29: 1, 30: 2, 31: 4, 32: 1, 33: 3, 35: 1, 36: 1, 37: 3, 39: 1, 43: 1, 48: 1, 51: 2, 56: 3, 60: 1, 62: 1, 65: 1, 69: 1, 70: 1, 72: 1, 73: 1, 76: 1, 93: 1, 118: 1, 156: 1}"
1000,"{3: 1, 4: 15, 5: 284, 6: 179, 7: 108, 8: 88, 9: 70, 10: 44, 11: 31, 12: 30, 13: 13, 14: 5, 15: 16, 16: 13, 17: 11, 18: 15, 19: 6, 20: 7, 21: 8, 22: 4, 23: 5, 24: 3, 25: 4, 26: 2, 27: 3, 28: 3, 29: 4, 30: 1, 31: 3, 32: 1, 33: 3, 35: 1, 36: 1, 37: 1, 38: 2, 39: 1, 41: 1, 46: 1, 49: 2, 50: 2, 52: 1, 53: 1, 61: 1, 62: 1, 67: 1, 69: 1, 108: 1, 357: 1}"
1000,"{4: 8, 5: 285, 6: 184, 7: 118, 8: 85, 9: 57, 10: 44, 11: 32, 12: 20, 13: 24, 14: 20, 15: 13, 16: 10, 17: 12, 18: 9, 19: 10, 20: 3, 21: 10, 22: 7, 23: 5, 24: 2, 25: 2, 26: 1, 27: 4, 28: 2, 29: 1, 30: 4, 33: 1, 34: 5, 36: 2, 37: 2, 38: 2, 39: 1, 44: 2, 46: 1, 50: 1, 56: 1, 57: 1, 58: 1, 59: 2, 69: 1, 72: 1, 80: 1, 81: 1, 118: 1, 296: 1}"
1000,"{4: 14, 5: 286, 6: 180, 7: 108, 8: 84, 9: 57, 10: 46, 11: 34, 12: 27, 13: 23, 14: 17, 15: 14, 16: 20, 17: 10, 18: 11, 19: 4, 20: 7, 21: 4, 22: 4, 23: 3, 24: 4, 25: 1, 26: 4, 27: 3, 28: 3, 29: 6, 30: 3, 31: 1, 32: 1, 34: 1, 37: 1, 38: 1, 40: 3, 41: 2, 43: 1, 45: 1, 49: 1, 51: 1, 52: 2, 57: 1, 70: 1, 76: 1, 83: 1, 104: 1, 125: 1, 316: 1}"
1000,"{4: 10, 5: 270, 6: 191, 7: 126, 8: 87, 9: 57, 10: 46, 11: 27, 12: 20, 13: 17, 14: 15, 15: 18, 16: 17, 17: 8, 18: 10, 19: 5, 20: 12, 21: 4, 22: 9, 23: 4, 24: 3, 25: 5, 26: 2, 27: 4, 28: 4, 29: 2, 30: 2, 31: 2, 32: 2, 34: 1, 36: 1, 37: 1, 39: 1, 40: 1, 44: 3, 45: 1, 48: 1, 55: 1, 58: 1, 59: 1, 63: 1, 64: 1, 86: 2, 90: 1, 96: 1, 108: 1, 238: 1}"
1000,"{4: 15, 5: 275, 6: 178, 7: 121, 8: 88, 9: 58, 10: 49, 11: 42, 12: 14, 13: 19, 14: 15, 15: 22, 16: 9, 17: 8, 18: 10, 19: 6, 20: 10, 21: 6, 22: 4, 23: 5, 24: 4, 25: 2, 26: 1, 27: 2, 28: 4, 29: 3, 31: 1, 32: 2, 33: 3, 34: 1, 35: 1, 36: 1, 39: 3, 41: 2, 43: 4, 45: 1, 46: 2, 47: 1, 52: 1, 70: 1, 72: 1, 77: 1, 79: 1, 86: 1, 108: 1, 300: 1}"
1000,"{3: 1, 4: 8, 5: 283, 6: 169, 7: 128, 8: 77, 9: 59, 10: 52, 11: 35, 12: 24, 13: 26, 14: 15, 15: 14, 16: 7, 17: 12, 18: 7, 19: 7, 20: 1, 21: 7, 22: 6, 23: 4, 24: 7, 25: 1, 26: 6, 27: 2, 28: 3, 29: 2, 30: 2, 31: 2, 32: 4, 33: 6, 34: 1, 35: 2, 36: 3, 37: 1, 38: 1, 40: 2, 41: 1, 42: 1, 46: 1, 47: 2, 50: 1, 51: 1, 63: 1, 64: 1, 69: 1, 108: 1, 145: 1, 208: 1}"
1000,"{4: 12, 5: 315, 6: 149, 7: 111, 8: 84, 9: 61, 10: 48, 11: 34, 12: 23, 13: 22, 14: 18, 15: 17, 16: 13, 17: 8, 18: 14, 19: 8, 20: 6, 21: 1, 22: 7, 23: 6, 24: 4, 25: 3, 26: 2, 27: 2, 28: 4, 29: 1, 30: 1, 31: 1, 32: 2, 33: 1, 34: 2, 35: 1, 40: 1, 41: 1, 44: 1, 46: 1, 47: 1, 49: 3, 52: 2, 58: 1, 59: 1, 70: 1, 71: 1, 72: 1, 73: 1, 126: 1, 180: 1, 244: 1}"
1000,"{3: 1, 4: 9, 5: 279, 6: 179, 7: 119, 8: 97, 9: 56, 10: 48, 11: 30, 12: 25, 13: 26, 14: 20, 15: 14, 16: 10, 17: 9, 18: 5, 19: 3, 20: 3, 21: 5, 22: 6, 23: 3, 24: 4, 25: 2, 26: 6, 27: 1, 28: 2, 29: 2, 30: 6, 31: 1, 32: 3, 36: 1, 37: 4, 38: 4, 43: 1, 44: 1, 47: 2, 50: 2, 53: 1, 54: 1, 59: 1, 60: 1, 62: 1, 70: 1, 71: 1, 89: 1, 93: 1, 103: 1, 267: 1}"
1000,"{4: 16, 5: 268, 6: 175, 7: 116, 8: 84, 9: 70, 10: 41, 11: 36, 12: 28, 13: 21, 14: 19, 15: 22, 16: 9, 17: 10, 18: 13, 19: 9, 20: 8, 21: 4, 23: 4, 24: 6, 25: 3, 26: 4, 27: 2, 28: 2, 29: 3, 30: 2, 33: 1, 34: 3, 35: 1, 36: 1, 37: 1, 39: 2, 40: 2, 41: 1, 42: 1, 43: 1, 52: 2, 55: 1, 65: 1, 66: 2, 68: 1, 74: 1, 105: 1, 170: 1, 243: 1}"
1000,"{3: 1, 4: 7, 5: 275, 6: 176, 7: 124, 8: 96, 9: 60, 10: 40, 11: 28, 12: 24, 13: 18, 14: 20, 15: 16, 16: 14, 17: 15, 18: 8, 19: 10, 20: 4, 21: 3, 22: 4, 23: 4, 24: 5, 25: 6, 26: 3, 27: 3, 29: 8, 30: 1, 31: 1, 32: 2, 33: 1, 35: 1, 37: 3, 38: 1, 39: 2, 41: 1, 45: 2, 46: 1, 47: 1, 54: 1, 57: 1, 59: 1, 62: 1, 67: 1, 74: 2, 92: 1, 108: 1, 120: 1, 197: 1}"
1000,"{4: 10, 5: 286, 6: 166, 7: 122, 8: 73, 9: 66, 10: 49, 11: 32, 12: 34, 13: 18, 14: 18, 15: 15, 16: 12, 17: 13, 18: 12, 19: 10, 20: 6, 21: 4, 22: 7, 23: 4, 24: 3, 25: 1, 26: 4, 27: 1, 28: 2, 30: 3, 31: 2, 32: 4, 33: 2, 35: 1, 37: 1, 38: 1, 39: 1, 40: 1, 41: 1, 42: 1, 43: 2, 44: 1, 45: 1, 47: 1, 48: 1, 52: 1, 53: 1, 62: 1, 87: 1, 103: 1, 134: 1, 136: 1, 231: 1}"
1000,"{4: 11, 5: 295, 6: 175, 7: 107, 8: 84, 9: 52, 10: 45, 11: 31, 12: 26, 13: 38, 14: 19, 15: 13, 16: 11, 17: 8, 18: 6, 19: 9, 20: 2, 21: 5, 22: 10, 23: 4, 24: 4, 25: 3, 26: 2, 27: 3, 28: 3, 29: 3, 30: 3, 31: 1, 32: 1, 33: 2, 35: 4, 36: 1, 37: 1, 38: 2, 39: 1, 40: 1, 43: 1, 46: 1, 47: 1, 49: 1, 50: 2, 60: 2, 66: 1, 80: 1, 84: 1, 85: 1, 164: 1, 233: 1}"
1000,"{3: 1, 4: 13, 5: 291, 6: 167, 7: 110, 8: 81, 9: 61, 10: 43, 11: 42, 12: 29, 13: 19, 14: 19, 15: 18, 16: 14, 17: 15, 18: 5, 19: 7, 20: 7, 21: 5, 22: 3, 23: 3, 24: 5, 26: 3, 27: 1, 28: 4, 29: 4, 30: 5, 31: 2, 32: 1, 34: 2, 36: 1, 37: 2, 38: 1, 39: 1, 42: 2, 43: 2, 49: 1, 50: 1, 58: 1, 59: 1, 62: 1, 66: 1, 72: 1, 82: 1, 98: 1, 156: 1, 272: 1}"
1000,"{4: 9, 5: 288, 6: 177, 7: 114, 8: 92, 9: 41, 10: 53, 11: 35, 12: 31, 13: 23, 14: 20, 15: 16, 16: 19, 17: 6, 18: 2, 19: 9, 20: 6, 21: 4, 22: 5, 23: 1, 24: 1, 25: 4, 26: 6, 27: 3, 29: 2, 30: 5, 31: 1, 33: 1, 34: 3, 35: 1, 37: 1, 38: 1, 39: 3, 44: 1, 48: 1, 51: 1, 52: 1, 53: 1, 58: 1, 59: 1, 61: 2, 62: 1, 65: 1, 69: 1, 74: 1, 79: 1, 96: 1, 98: 1, 266: 1}"
1000,"{3: 1, 4: 20, 5: 300, 6: 170, 7: 115, 8: 76, 9: 46, 10: 37, 11: 42, 12: 22, 13: 28, 14: 23, 15: 16, 16: 10, 17: 11, 18: 3, 19: 11, 20: 4, 21: 4, 22: 6, 23: 3, 24: 6, 25: 1, 26: 3, 27: 4, 28: 5, 29: 2, 30: 2, 31: 2, 32: 4, 34: 2, 36: 1, 37: 4, 43: 1, 44: 1, 46: 1, 47: 1, 52: 1, 55: 2, 56: 1, 62: 1, 64: 1, 78: 1, 84: 1, 98: 1, 111: 1, 146: 1, 218: 1}"
1000,"{4: 7, 5: 289, 6: 175, 7: 106, 8: 88, 9: 64, 10: 48, 11: 30, 12: 37, 13: 31, 14: 14, 15: 13, 16: 12, 17: 7, 18: 8, 19: 9, 20: 2, 21: 3, 22: 5, 23: 2, 24: 6, 25: 1, 26: 4, 27: 3, 28: 2, 29: 3, 30: 2, 33: 2, 34: 3, 35: 2, 36: 3, 40: 3, 43: 1, 46: 2, 47: 1, 51: 1, 55: 1, 57: 1, 63: 1, 64: 2, 80: 1, 95: 1, 98: 1, 129: 1, 146: 1, 186: 1}"
1000,"{4: 5, 5: 294, 6: 191, 7: 112, 8: 74, 9: 50, 10: 39, 11: 34, 12: 32, 13: 26, 14: 27, 15: 13, 16: 12, 17: 11, 18: 8, 19: 7, 20: 7, 21: 3, 22: 1, 23: 6, 24: 2, 25: 5, 26: 3, 28: 3, 29: 1, 30: 3, 31: 1, 32: 1, 35: 3, 36: 1, 37: 1, 38: 1, 39: 1, 41: 3, 42: 1, 43: 1, 44: 1, 45: 2, 46: 1, 47: 1, 48: 1, 49: 1, 55: 1, 57: 1, 58: 1, 62: 1, 67: 1, 70: 1, 77: 1, 82: 1, 132: 1, 261: 1}"
1000,"{4: 3, 5: 282, 6: 178, 7: 120, 8: 86, 9: 67, 10: 39, 11: 44, 12: 28, 13: 19, 14: 15, 15: 17, 16: 5, 17: 7, 18: 5, 19: 9, 20: 5, 21: 6, 22: 6, 23: 2, 24: 9, 25: 4, 26: 7, 27: 3, 28: 4, 29: 2, 30: 4, 31: 1, 32: 2, 33: 1, 34: 2, 35: 1, 36: 1, 42: 1, 43: 1, 44: 1, 47: 1, 48: 1, 49: 2, 56: 1, 58: 1, 66: 1, 70: 1, 73: 1, 87: 1, 133: 1, 144: 1, 220: 1}"
1000,"{4: 6, 5: 276, 6: 192, 7: 120, 8: 67, 9: 67, 10: 48, 11: 37, 12: 25, 13: 19, 14: 22, 15: 14, 16: 9, 17: 10, 18: 14, 19: 9, 20: 4, 21: 3, 22: 5, 23: 7, 24: 1, 25: 4, 26: 4, 27: 2, 28: 3, 29: 5, 30: 2, 31: 2, 33: 1, 34: 2, 36: 1, 37: 1, 38: 1, 40: 1, 41: 1, 42: 1, 44: 1, 47: 1, 51: 1, 56: 1, 58: 1, 63: 1, 68: 1, 72: 2, 79: 1, 80: 1, 114: 1, 154: 1, 210: 1}"
1000,"{4: 6, 5: 305, 6: 166, 7: 107, 8: 81, 9: 64, 10: 46, 11: 38, 12: 27, 13: 17, 14: 12, 15: 19, 16: 14, 17: 9, 18: 9, 19: 11, 20: 6, 21: 4, 22: 1, 23: 3, 24: 8, 25: 3, 26: 3, 27: 4, 28: 2, 29: 2, 30: 4, 31: 3, 32: 2, 33: 1, 34: 1, 35: 2, 37: 1, 38: 1, 39: 3, 41: 1, 43: 1, 44: 2, 45: 1, 51: 1, 56: 1, 60: 1, 63: 1, 71: 1, 74: 1, 80: 1, 83: 1, 165: 1, 244: 1}"
1000,"{4: 12, 5: 275, 6: 182, 7: 117, 8: 74, 9: 66, 10: 49, 11: 41, 12: 21, 13: 15, 14: 21, 15: 19, 16: 8, 17: 12, 18: 8, 19: 8, 20: 6, 21: 5, 22: 6, 23: 6, 24: 6, 25: 4, 26: 2, 27: 4, 28: 1, 30: 1, 31: 2, 32: 2, 33: 1, 34: 3, 35: 2, 36: 1, 38: 3, 42: 1, 44: 1, 46: 2, 48: 1, 49: 2, 53: 1, 57: 1, 59: 1, 61: 1, 62: 1, 67: 1, 84: 1, 93: 1, 175: 1, 185: 1}"
1000,"{4: 16, 5: 284, 6: 198, 7: 111, 8: 74, 9: 61, 10: 30, 11: 34, 12: 30, 13: 23, 14: 16, 15: 12, 16: 6, 17: 5, 18: 13, 19: 12, 20: 7, 21: 2, 22: 6, 23: 5, 24: 4, 25: 6, 27: 4, 28: 5, 30: 2, 31: 2, 32: 1, 33: 2, 34: 5, 35: 3, 36: 2, 37: 2, 38: 1, 39: 1, 40: 3, 41: 1, 42: 1, 50: 1, 52: 1, 54: 2, 80: 1, 81: 1, 86: 1, 90: 1, 148: 1, 230: 1}"
1000,"{4: 10, 5: 279, 6: 174, 7: 146, 8: 69, 9: 61, 10: 44, 11: 37, 12: 25, 13: 19, 14: 21, 15: 15, 16: 10, 17: 8, 18: 5, 19: 4, 20: 6, 21: 5, 22: 3, 23: 6, 24: 6, 25: 3, 26: 1, 27: 6, 28: 2, 29: 3, 30: 3, 31: 1, 32: 1, 33: 1, 34: 2, 35: 1, 37: 1, 39: 1, 41: 3, 42: 2, 43: 1, 44: 1, 48: 1, 49: 1, 52: 2, 53: 1, 57: 1, 64: 2, 68: 1, 91: 1, 97: 1, 101: 1, 119: 1, 227: 1}"
1000,"{4: 12, 5: 286, 6: 158, 7: 118, 8: 91, 9: 59, 10: 42, 11: 43, 12: 33, 13: 26, 14: 15, 15: 13, 16: 11, 17: 9, 18: 10, 19: 5, 20: 5, 21: 7, 22: 1, 23: 4, 24: 7, 25: 2, 26: 4, 27: 1, 28: 3, 29: 2, 30: 3, 31: 2, 32: 2, 33: 3, 34: 1, 35: 2, 36: 1, 37: 3, 38: 1, 41: 1, 44: 1, 45: 1, 47: 1, 49: 1, 50: 2, 55: 1, 56: 1, 68: 1, 77: 1, 80: 1, 93: 1, 115: 1, 256: 1}"
1000,"{4: 8, 5: 284, 6: 183, 7: 120, 8: 75, 9: 61, 10: 46, 11: 35, 12: 20, 13: 18, 14: 20, 15: 17, 16: 12, 17: 8, 18: 8, 19: 10, 20: 7, 21: 7, 22: 4, 23: 7, 24: 6, 26: 3, 27: 1, 28: 4, 29: 3, 30: 4, 31: 2, 32: 1, 34: 1, 35: 1, 36: 1, 38: 1, 39: 3, 40: 1, 41: 1, 44: 1, 46: 2, 47: 1, 48: 1, 49: 1, 53: 3, 59: 1, 60: 1, 65: 1, 72: 1, 77: 1, 89: 1, 131: 1, 195: 1}"
1000,"{4: 5, 5: 305, 6: 190, 7: 115, 8: 75, 9: 37, 10: 31, 11: 26, 12: 44, 13: 27, 14: 16, 15: 11, 16: 13, 17: 7, 18: 14, 19: 10, 20: 8, 21: 13, 22: 5, 23: 5, 24: 3, 25: 1, 27: 1, 28: 2, 29: 3, 30: 3, 31: 4, 32: 3, 35: 1, 37: 2, 39: 2, 43: 1, 45: 2, 48: 1, 49: 1, 53: 1, 54: 1, 60: 1, 62: 1, 71: 1, 74: 2, 80: 1, 88: 1, 103: 1, 106: 1, 118: 1, 158: 1}"
1000,"{4: 12, 5: 275, 6: 187, 7: 119, 8: 76, 9: 65, 10: 55, 11: 29, 12: 25, 13: 18, 14: 18, 15: 13, 16: 14, 17: 12, 18: 3, 19: 7, 20: 3, 21: 14, 22: 2, 23: 5, 24: 1, 25: 2, 26: 5, 27: 2, 28: 7, 29: 2, 30: 2, 31: 2, 32: 2, 34: 2, 35: 2, 37: 1, 40: 1, 41: 1, 42: 2, 45: 1, 47: 2, 50: 1, 51: 2, 61: 1, 64: 1, 72: 1, 74: 1, 83: 1, 97: 1, 98: 1, 285: 1}"
1000,"{4: 14, 5: 288, 6: 172, 7: 115, 8: 90, 9: 61, 10: 43, 11: 44, 12: 23, 13: 16, 14: 17, 15: 14, 16: 7, 17: 19, 18: 10, 19: 6, 20: 1, 21: 9, 22: 5, 23: 5, 24: 2, 25: 2, 26: 3, 27: 2, 28: 4, 29: 1, 30: 2, 32: 2, 35: 2, 36: 1, 39: 3, 40: 1, 43: 1, 46: 1, 54: 1, 55: 1, 57: 2, 60: 1, 63: 1, 65: 1, 76: 1, 83: 1, 103: 1, 105: 1, 125: 1, 138: 1, 245: 1}"
1000,"{4: 11, 5: 278, 6: 187, 7: 117, 8: 91, 9: 47, 10: 44, 11: 33, 12: 31, 13: 17, 14: 17, 15: 15, 16: 19, 17: 8, 18: 5, 19: 8, 20: 10, 21: 5, 22: 6, 23: 4, 24: 3, 25: 2, 26: 8, 27: 1, 28: 4, 29: 2, 30: 4, 31: 1, 32: 1, 33: 2, 39: 2, 43: 1, 45: 1, 50: 3, 54: 1, 59: 1, 60: 1, 68: 1, 72: 1, 73: 1, 83: 1, 86: 1, 93: 1, 109: 1, 113: 1, 196: 1}"
1000,"{4: 7, 5: 277, 6: 205, 7: 104, 8: 86, 9: 51, 10: 42, 11: 33, 12: 38, 13: 24, 14: 19, 15: 18, 16: 8, 17: 6, 18: 12, 19: 5, 20: 4, 21: 3, 22: 4, 23: 5, 24: 3, 25: 4, 26: 3, 27: 1, 28: 4, 29: 3, 30: 2, 31: 1, 33: 2, 34: 1, 35: 1, 36: 2, 38: 1, 39: 2, 40: 1, 41: 1, 43: 1, 45: 2, 48: 1, 51: 4, 52: 1, 54: 1, 56: 1, 61: 1, 70: 1, 87: 1, 123: 1, 186: 1, 220: 1}"
1000,"{4: 12, 5: 281, 6: 170, 7: 115, 8: 89, 9: 59, 10: 42, 11: 39, 12: 37, 13: 23, 14: 10, 15: 21, 16: 16, 17: 6, 18: 10, 19: 8, 20: 4, 21: 2, 22: 5, 23: 4, 24: 4, 25: 2, 26: 5, 27: 1, 28: 5, 29: 5, 30: 3, 33: 2, 34: 1, 35: 1, 38: 1, 40: 2, 41: 1, 53: 1, 54: 2, 61: 1, 62: 1, 63: 1, 65: 2, 67: 1, 70: 1, 75: 1, 76: 1, 149: 1, 263: 1}"
1000,"{4: 10, 5: 294, 6: 166, 7: 111, 8: 83, 9: 58, 10: 51, 11: 39, 12: 36, 13: 20, 14: 17, 15: 15, 16: 7, 17: 12, 18: 7, 19: 11, 20: 10, 21: 5, 22: 1, 23: 3, 24: 4, 25: 3, 26: 2, 27: 3, 28: 1, 29: 4, 31: 2, 33: 1, 35: 1, 36: 2, 37: 1, 38: 2, 39: 1, 40: 1, 44: 1, 46: 1, 51: 1, 53: 1, 54: 2, 55: 1, 58: 1, 61: 1, 64: 1, 65: 1, 66: 1, 74: 1, 85: 1, 105: 1, 309: 1}"
1000,"{4: 14, 5: 272, 6: 176, 7: 121, 8: 79, 9: 66, 10: 51, 11: 47, 12: 27, 13: 20, 14: 18, 15: 6, 16: 12, 17: 7, 18: 9, 19: 11, 20: 5, 21: 6, 22: 5, 23: 5, 24: 5, 25: 2, 26: 3, 27: 2, 28: 1, 30: 2, 31: 1, 32: 1, 33: 1, 36: 1, 37: 1, 38: 1, 39: 1, 40: 1, 42: 1, 44: 1, 45: 1, 46: 1, 48: 2, 51: 2, 53: 1, 54: 1, 55: 2, 63: 2, 78: 2, 81: 1, 97: 2, 272: 1}"
