100000,"{4: 1, 6: 3, 7: 6, 8: 14, 9: 44, 10: 121, 11: 267, 12: 442, 13: 788, 14: 1326, 15: 2047, 16: 2880, 17: 4087, 18: 5159, 19: 6301, 20: 7229, 21: 7970, 22: 8253, 23: 8236, 24: 8004, 25: 7421, 26: 6523, 27: 5553, 28: 4573, 29: 3562, 30: 2821, 31: 2015, 32: 1455, 33: 1035, 34: 731, 35: 433, 36: 307, 37: 163, 38: 102, 39: 52, 40: 39, 41: 15, 42: 14, 43: 5, 44: 2, 48: 1}"
100000,"{6: 5, 7: 7, 8: 24, 9: 54, 10: 107, 11: 226, 12: 457, 13: 806, 14: 1361, 15: 2091, 16: 2989, 17: 3984, 18: 5193, 19: 6375, 20: 7121, 21: 8110, 22: 8121, 23: 8219, 24: 7958, 25: 7208, 26: 6479, 27: 5501, 28: 4563, 29: 3651, 30: 2848, 31: 2082, 32: 1524, 33: 1035, 34: 667, 35: 475, 36: 300, 37: 189, 38: 121, 39: 62, 40: 33, 41: 27, 42: 15, 43: 4, 44: 3, 45: 4, 46: 1}"
100000,"{7: 6, 8: 21, 9: 49, 10: 105, 11: 233, 12: 478, 13: 776, 14: 1305, 15: 2032, 16: 2963, 17: 4138, 18: 5183, 19: 6142, 20: 7155, 21: 7834, 22: 8208, 23: 8274, 24: 7992, 25: 7408, 26: 6565, 27: 5527, 28: 4573, 29: 3641, 30: 2785, 31: 2140, 32: 1486, 33: 1073, 34: 709, 35: 457, 36: 302, 37: 196, 38: 113, 39: 64, 40: 24, 41: 17, 42: 11, 43: 6, 44: 5, 45: 3, 46: 1}"
100000,"{6: 5, 7: 9, 8: 18, 9: 48, 10: 132, 11: 263, 12: 468, 13: 863, 14: 1323, 15: 2072, 16: 2989, 17: 4128, 18: 5106, 19: 6285, 20: 7197, 21: 7902, 22: 8368, 23: 8277, 24: 7826, 25: 7229, 26: 6312, 27: 5517, 28: 4659, 29: 3632, 30: 2838, 31: 2082, 32: 1507, 33: 1033, 34: 716, 35: 487, 36: 286, 37: 176, 38: 99, 39: 67, 40: 31, 41: 32, 42: 8, 43: 5, 44: 3, 46: 1, 47: 1}"
100000,"{7: 6, 8: 14, 9: 41, 10: 116, 11: 222, 12: 433, 13: 780, 14: 1363, 15: 2124, 16: 3028, 17: 3990, 18: 5281, 19: 6199, 20: 7315, 21: 7915, 22: 8347, 23: 8122, 24: 7956, 25: 7297, 26: 6516, 27: 5487, 28: 4622, 29: 3638, 30: 2725, 31: 2012, 32: 1461, 33: 1037, 34: 728, 35: 445, 36: 307, 37: 191, 38: 113, 39: 74, 40: 42, 41: 28, 42: 10, 43: 7, 44: 2, 45: 4, 46: 1, 47: 1}"
100000,"{6: 5, 7: 5, 8: 20, 9: 39, 10: 102, 11: 259, 12: 483, 13: 863, 14: 1398, 15: 1988, 16: 2958, 17: 4045, 18: 5143, 19: 6352, 20: 7324, 21: 7976, 22: 8373, 23: 8333, 24: 7933, 25: 7217, 26: 6465, 27: 5483, 28: 4583, 29: 3566, 30: 2758, 31: 2004, 32: 1436, 33: 993, 34: 713, 35: 452, 36: 300, 37: 185, 38: 113, 39: 59, 40: 35, 41: 20, 42: 10, 43: 3, 44: 4, 46: 1, 50: 1}"
100000,"{6: 2, 7: 5, 8: 23, 9: 59, 10: 115, 11: 247, 12: 434, 13: 799, 14: 1284, 15: 2053, 16: 3146, 17: 4177, 18: 5274, 19: 6313, 20: 7231, 21: 7833, 22: 8312, 23: 8223, 24: 7912, 25: 7177, 26: 6495, 27: 5590, 28: 4431, 29: 3605, 30: 2777, 31: 2133, 32: 1479, 33: 1021, 34: 687, 35: 437, 36: 301, 37: 164, 38: 117, 39: 67, 40: 22, 41: 24, 42: 17, 43: 8, 44: 1, 45: 1, 47: 2, 48: 2}"
100000,"{5: 1, 6: 3, 7: 5, 8: 18, 9: 52, 10: 102, 11: 242, 12: 485, 13: 738, 14: 1376, 15: 2019, 16: 2973, 17: 4034, 18: 5387, 19: 6279, 20: 7093, 21: 7923, 22: 8258, 23: 8269, 24: 7899, 25: 7241, 26: 6526, 27: 5551, 28: 4509, 29: 3670, 30: 2845, 31: 2053, 32: 1504, 33: 1066, 34: 701, 35: 451, 36: 277, 37: 200, 38: 111, 39: 65, 40: 35, 41: 21, 42: 8, 43: 6, 44: 2, 45: 2}"
100000,"{6: 2, 7: 1, 8: 17, 9: 58, 10: 98, 11: 253, 12: 475, 13: 848, 14: 1333, 15: 2093, 16: 2994, 17: 4156, 18: 5301, 19: 6353, 20: 7232, 21: 7957, 22: 8249, 23: 8336, 24: 7878, 25: 7431, 26: 6538, 27: 5430, 28: 4513, 29: 3395, 30: 2691, 31: 2010, 32: 1500, 33: 1064, 34: 668, 35: 453, 36: 270, 37: 161, 38: 123, 39: 48, 40: 35, 41: 15, 42: 10, 43: 7, 44: 1, 45: 1, 46: 2}"
100000,"{4: 1, 6: 6, 7: 5, 8: 14, 9: 61, 10: 120, 11: 242, 12: 512, 13: 806, 14: 1320, 15: 2049, 16: 2933, 17: 4002, 18: 5167, 19: 6103, 20: 7386, 21: 7990, 22: 8461, 23: 8158, 24: 7897, 25: 7182, 26: 6470, 27: 5553, 28: 4663, 29: 3725, 30: 2780, 31: 2030, 32: 1465, 33: 1002, 34: 661, 35: 447, 36: 326, 37: 184, 38: 129, 39: 59, 40: 44, 41: 25, 42: 12, 43: 6, 44: 2, 45: 1, 46: 1}"
100000,"{5: 1, 6: 1, 7: 9, 8: 14, 9: 56, 10: 123, 11: 238, 12: 452, 13: 794, 14: 1334, 15: 2069, 16: 2999, 17: 4031, 18: 5204, 19: 6396, 20: 7208, 21: 7864, 22: 8333, 23: 8172, 24: 7944, 25: 7343, 26: 6656, 27: 5627, 28: 4604, 29: 3492, 30: 2737, 31: 2045, 32: 1386, 33: 1040, 34: 621, 35: 475, 36: 273, 37: 186, 38: 116, 39: 56, 40: 40, 41: 28, 42: 19, 43: 9, 44: 3, 45: 1, 46: 1}"
100000,"{6: 2, 7: 5, 8: 12, 9: 40, 10: 114, 11: 223, 12: 473, 13: 823, 14: 1317, 15: 2091, 16: 2955, 17: 4075, 18: 5246, 19: 6188, 20: 7237, 21: 7878, 22: 8233, 23: 8225, 24: 7952, 25: 7455, 26: 6529, 27: 5496, 28: 4569, 29: 3539, 30: 2777, 31: 2144, 32: 1460, 33: 1088, 34: 675, 35: 468, 36: 272, 37: 202, 38: 92, 39: 56, 40: 49, 41: 13, 42: 14, 43: 9, 44: 2, 45: 2}"
100000,"{6: 5, 7: 4, 8: 22, 9: 62, 10: 110, 11: 235, 12: 466, 13: 812, 14: 1405, 15: 2047, 16: 3043, 17: 4030, 18: 5172, 19: 6432, 20: 7194, 21: 7870, 22: 8229, 23: 8324, 24: 7844, 25: 7393, 26: 6258, 27: 5604, 28: 4527, 29: 3652, 30: 2794, 31: 2103, 32: 1483, 33: 1040, 34: 677, 35: 426, 36: 291, 37: 202, 38: 97, 39: 60, 40: 35, 41: 27, 42: 15, 43: 6, 44: 1, 45: 3}"
100000,"{4: 1, 6: 3, 7: 4, 8: 17, 9: 48, 10: 121, 11: 247, 12: 492, 13: 823, 14: 1357, 15: 2091, 16: 2988, 17: 4055, 18: 5182, 19: 6199, 20: 7145, 21: 7877, 22: 8209, 23: 8440, 24: 7879, 25: 7400, 26: 6549, 27: 5505, 28: 4582, 29: 3611, 30: 2655, 31: 2025, 32: 1535, 33: 1009, 34: 733, 35: 467, 36: 287, 37: 194, 38: 138, 39: 60, 40: 26, 41: 18, 42: 19, 43: 6, 44: 2, 49: 1}"
100000,"{5: 2, 6: 1, 7: 5, 8: 17, 9: 68, 10: 117, 11: 250, 12: 423, 13: 852, 14: 1321, 15: 2153, 16: 2917, 17: 4084, 18: 5169, 19: 6347, 20: 7251, 21: 7795, 22: 8317, 23: 8206, 24: 8071, 25: 7248, 26: 6488, 27: 5452, 28: 4497, 29: 3638, 30: 2732, 31: 2117, 32: 1450, 33: 1091, 34: 689, 35: 455, 36: 304, 37: 218, 38: 109, 39: 63, 40: 41, 41: 19, 42: 9, 43: 8, 44: 1, 45: 4, 47: 1}"
100000,"{4: 1, 5: 1, 6: 1, 7: 4, 8: 22, 9: 47, 10: 139, 11: 240, 12: 443, 13: 789, 14: 1390, 15: 2137, 16: 2989, 17: 4164, 18: 5106, 19: 6270, 20: 7188, 21: 7880, 22: 8197, 23: 8256, 24: 8005, 25: 7382, 26: 6599, 27: 5476, 28: 4582, 29: 3552, 30: 2629, 31: 2030, 32: 1549, 33: 1038, 34: 690, 35: 484, 36: 261, 37: 190, 38: 109, 39: 67, 40: 50, 41: 26, 42: 7, 43: 6, 44: 3, 45: 1}"
100000,"{6: 2, 7: 6, 8: 26, 9: 63, 10: 105, 11: 260, 12: 448, 13: 843, 14: 1420, 15: 2057, 16: 3047, 17: 4146, 18: 5175, 19: 6282, 20: 7188, 21: 7943, 22: 8150, 23: 8456, 24: 8068, 25: 7323, 26: 6328, 27: 5434, 28: 4581, 29: 3625, 30: 2748, 31: 2063, 32: 1392, 33: 998, 34: 679, 35: 459, 36: 271, 37: 175, 38: 87, 39: 66, 40: 43, 41: 25, 42: 14, 43: 2, 44: 1, 46: 1}"
100000,"{7: 8, 8: 24, 9: 45, 10: 102, 11: 236, 12: 462, 13: 832, 14: 1334, 15: 2104, 16: 3016, 17: 4091, 18: 5121, 19: 6341, 20: 7276, 21: 7962, 22: 8216, 23: 8192, 24: 7904, 25: 7368, 26: 6389, 27: 5705, 28: 4553, 29: 3600, 30: 2682, 31: 2048, 32: 1475, 33: 1044, 34: 673, 35: 452, 36: 295, 37: 160, 38: 114, 39: 77, 40: 49, 41: 16, 42: 19, 43: 8, 44: 3, 45: 2, 47: 1, 48: 1}"
100000,"{4: 1, 6: 6, 7: 7, 8: 25, 9: 45, 10: 107, 11: 220, 12: 442, 13: 866, 14: 1321, 15: 2113, 16: 2979, 17: 4038, 18: 5144, 19: 6234, 20: 7135, 21: 7952, 22: 8234, 23: 8264, 24: 8035, 25: 7275, 26: 6552, 27: 5395, 28: 4604, 29: 3756, 30: 2866, 31: 2091, 32: 1382, 33: 1048, 34: 701, 35: 439, 36: 292, 37: 179, 38: 96, 39: 65, 40: 39, 41: 27, 42: 9, 43: 6, 44: 3, 45: 3, 46: 1, 48: 2, 49: 1}"
100000,"{5: 1, 6: 2, 7: 14, 8: 13, 9: 39, 10: 115, 11: 239, 12: 461, 13: 879, 14: 1319, 15: 2114, 16: 3073, 17: 4046, 18: 5333, 19: 6322, 20: 7143, 21: 7749, 22: 8199, 23: 8217, 24: 8061, 25: 7507, 26: 6441, 27: 5586, 28: 4434, 29: 3507, 30: 2782, 31: 1962, 32: 1539, 33: 986, 34: 728, 35: 449, 36: 274, 37: 171, 38: 127, 39: 64, 40: 44, 41: 30, 42: 16, 43: 8, 44: 3, 45: 2, 46: 1}"
100000,"{6: 3, 7: 7, 8: 18, 9: 55, 10: 121, 11: 241, 12: 469, 13: 803, 14: 1319, 15: 2096, 16: 2967, 17: 4078, 18: 5227, 19: 6183, 20: 7333, 21: 7871, 22: 8232, 23: 8251, 24: 7935, 25: 7267, 26: 6485, 27: 5676, 28: 4544, 29: 3608, 30: 2734, 31: 2079, 32: 1530, 33: 1019, 34: 676, 35: 449, 36: 297, 37: 181, 38: 111, 39: 47, 40: 40, 41: 20, 42: 15, 43: 6, 44: 4, 45: 1, 46: 2}"
100000,"{5: 1, 6: 5, 7: 11, 8: 20, 9: 49, 10: 115, 11: 236, 12: 435, 13: 816, 14: 1362, 15: 2083, 16: 2996, 17: 4017, 18: 5081, 19: 6224, 20: 7262, 21: 7979, 22: 8168, 23: 8278, 24: 7871, 25: 7437, 26: 6509, 27: 5653, 28: 4499, 29: 3647, 30: 2678, 31: 2086, 32: 1486, 33: 1043, 34: 722, 35: 449, 36: 346, 37: 190, 38: 106, 39: 62, 40: 37, 41: 23, 42: 10, 43: 2, 44: 3, 45: 2, 46: 1}"
100000,"{4: 1, 6: 5, 7: 2, 8: 16, 9: 57, 10: 114, 11: 216, 12: 479, 13: 806, 14: 1320, 15: 2128, 16: 2996, 17: 4115, 18: 4999, 19: 6391, 20: 7150, 21: 7820, 22: 8261, 23: 8146, 24: 7871, 25: 7385, 26: 6574, 27: 5634, 28: 4588, 29: 3654, 30: 2756, 31: 2074, 32: 1391, 33: 1065, 34: 712, 35: 503, 36: 309, 37: 198, 38: 95, 39: 79, 40: 36, 41: 28, 42: 15, 43: 4, 44: 5, 45: 1, 46: 1}"
100000,"{4: 1, 6: 2, 7: 8, 8: 14, 9: 61, 10: 119, 11: 230, 12: 451, 13: 816, 14: 1305, 15: 2188, 16: 2924, 17: 4038, 18: 5249, 19: 6224, 20: 7232, 21: 7915, 22: 8207, 23: 8126, 24: 8015, 25: 7188, 26: 6628, 27: 5680, 28: 4571, 29: 3591, 30: 2698, 31: 2071, 32: 1503, 33: 1049, 34: 706, 35: 442, 36: 292, 37: 222, 38: 96, 39: 57, 40: 35, 41: 19, 42: 10, 43: 7, 44: 6, 45: 3, 47: 1}"
100000,"{5: 1, 6: 3, 7: 4, 8: 17, 9: 41, 10: 105, 11: 220, 12: 452, 13: 844, 14: 1361, 15: 2142, 16: 3040, 17: 4050, 18: 5256, 19: 6087, 20: 7089, 21: 8016, 22: 8311, 23: 8235, 24: 7962, 25: 7182, 26: 6433, 27: 5442, 28: 4627, 29: 3611, 30: 2836, 31: 2089, 32: 1539, 33: 1107, 34: 714, 35: 414, 36: 290, 37: 181, 38: 133, 39: 81, 40: 33, 41: 22, 42: 16, 43: 6, 44: 5, 45: 3}"
100000,"{6: 5, 7: 5, 8: 21, 9: 48, 10: 106, 11: 236, 12: 465, 13: 809, 14: 1358, 15: 2106, 16: 2975, 17: 4006, 18: 5114, 19: 6397, 20: 7302, 21: 7879, 22: 8278, 23: 8436, 24: 7730, 25: 7217, 26: 6432, 27: 5638, 28: 4565, 29: 3676, 30: 2799, 31: 2089, 32: 1522, 33: 934, 34: 666, 35: 449, 36: 283, 37: 172, 38: 103, 39: 82, 40: 37, 41: 34, 42: 9, 43: 8, 44: 4, 45: 3, 46: 2}"
100000,"{4: 1, 5: 1, 6: 3, 7: 7, 8: 20, 9: 63, 10: 103, 11: 216, 12: 450, 13: 797, 14: 1365, 15: 2035, 16: 2976, 17: 4050, 18: 5188, 19: 6402, 20: 7361, 21: 7882, 22: 8325, 23: 8176, 24: 7881, 25: 7338, 26: 6519, 27: 5458, 28: 4579, 29: 3652, 30: 2709, 31: 2056, 32: 1409, 33: 1050, 34: 701, 35: 446, 36: 310, 37: 212, 38: 116, 39: 56, 40: 35, 41: 25, 42: 14, 43: 5, 44: 3, 45: 1, 46: 2, 47: 1, 49: 1}"
100000,"{7: 8, 8: 18, 9: 50, 10: 107, 11: 240, 12: 492, 13: 797, 14: 1359, 15: 2017, 16: 2997, 17: 4094, 18: 5126, 19: 6211, 20: 7182, 21: 7869, 22: 8224, 23: 8333, 24: 8019, 25: 7557, 26: 6406, 27: 5544, 28: 4571, 29: 3609, 30: 2740, 31: 2040, 32: 1462, 33: 996, 34: 704, 35: 490, 36: 282, 37: 175, 38: 132, 39: 67, 40: 44, 41: 17, 42: 8, 43: 7, 44: 3, 45: 3}"
100000,"{6: 1, 7: 1, 8: 18, 9: 45, 10: 121, 11: 210, 12: 471, 13: 809, 14: 1357, 15: 2060, 16: 2986, 17: 4042, 18: 5195, 19: 6021, 20: 7215, 21: 7844, 22: 8442, 23: 8262, 24: 7748, 25: 7374, 26: 6394, 27: 5614, 28: 4574, 29: 3758, 30: 2800, 31: 2119, 32: 1509, 33: 1074, 34: 701, 35: 481, 36: 287, 37: 185, 38: 115, 39: 74, 40: 42, 41: 19, 42: 13, 43: 8, 44: 8, 45: 1, 46: 1, 49: 1}"
100000,"{5: 2, 6: 1, 7: 7, 8: 24, 9: 42, 10: 97, 11: 221, 12: 435, 13: 787, 14: 1370, 15: 2160, 16: 2995, 17: 4061, 18: 5107, 19: 6181, 20: 7161, 21: 7854, 22: 8329, 23: 8285, 24: 7905, 25: 7315, 26: 6462, 27: 5755, 28: 4672, 29: 3550, 30: 2766, 31: 2095, 32: 1478, 33: 1013, 34: 722, 35: 441, 36: 298, 37: 154, 38: 105, 39: 77, 40: 33, 41: 20, 42: 15, 43: 4, 44: 1}"
100000,"{6: 2, 7: 9, 8: 22, 9: 40, 10: 128, 11: 231, 12: 436, 13: 811, 14: 1311, 15: 2004, 16: 2970, 17: 4062, 18: 5117, 19: 6340, 20: 7285, 21: 7888, 22: 8314, 23: 8213, 24: 8054, 25: 7415, 26: 6417, 27: 5555, 28: 4544, 29: 3572, 30: 2744, 31: 2103, 32: 1489, 33: 1048, 34: 704, 35: 473, 36: 302, 37: 181, 38: 89, 39: 62, 40: 27, 41: 19, 42: 8, 43: 5, 44: 1, 45: 2, 47: 2, 49: 1}"
100000,"{6: 1, 7: 8, 8: 17, 9: 70, 10: 101, 11: 253, 12: 447, 13: 809, 14: 1347, 15: 2016, 16: 2991, 17: 4110, 18: 5194, 19: 6185, 20: 7380, 21: 7922, 22: 8155, 23: 8343, 24: 7967, 25: 7280, 26: 6533, 27: 5498, 28: 4572, 29: 3683, 30: 2779, 31: 2007, 32: 1506, 33: 975, 34: 685, 35: 458, 36: 288, 37: 163, 38: 107, 39: 67, 40: 37, 41: 22, 42: 15, 43: 4, 44: 2, 45: 2, 47: 1}"
100000,"{6: 1, 7: 13, 8: 24, 9: 57, 10: 90, 11: 250, 12: 472, 13: 827, 14: 1391, 15: 2083, 16: 2951, 17: 4113, 18: 5239, 19: 6233, 20: 7307, 21: 7887, 22: 8293, 23: 8240, 24: 7919, 25: 7382, 26: 6438, 27: 5547, 28: 4450, 29: 3525, 30: 2801, 31: 1988, 32: 1563, 33: 999, 34: 718, 35: 468, 36: 303, 37: 188, 38: 112, 39: 47, 40: 37, 41: 19, 42: 13, 43: 8, 44: 1, 45: 1, 46: 1, 47: 1}"
100000,"{5: 2, 6: 5, 7: 9, 8: 26, 9: 45, 10: 136, 11: 215, 12: 474, 13: 787, 14: 1386, 15: 2099, 16: 3012, 17: 4077, 18: 5255, 19: 6284, 20: 7142, 21: 7974, 22: 8165, 23: 8163, 24: 7938, 25: 7403, 26: 6396, 27: 5663, 28: 4695, 29: 3530, 30: 2704, 31: 2005, 32: 1513, 33: 1008, 34: 639, 35: 475, 36: 314, 37: 186, 38: 118, 39: 72, 40: 44, 41: 22, 42: 9, 43: 5, 44: 3, 48: 2}"
100000,"{5: 2, 7: 4, 8: 20, 9: 53, 10: 109, 11: 259, 12: 446, 13: 817, 14: 1275, 15: 2115, 16: 2981, 17: 3992, 18: 5233, 19: 6259, 20: 7204, 21: 7879, 22: 8337, 23: 8190, 24: 8095, 25: 7304, 26: 6599, 27: 5497, 28: 4507, 29: 3621, 30: 2756, 31: 1992, 32: 1480, 33: 1029, 34: 728, 35: 456, 36: 290, 37: 210, 38: 111, 39: 66, 40: 38, 41: 22, 42: 12, 43: 9, 44: 1, 45: 2}"
100000,"{5: 1, 6: 5, 7: 6, 8: 17, 9: 55, 10: 120, 11: 251, 12: 455, 13: 794, 14: 1374, 15: 2040, 16: 2974, 17: 4017, 18: 5298, 19: 6248, 20: 7104, 21: 8183, 22: 8248, 23: 8105, 24: 7945, 25: 7425, 26: 6553, 27: 5475, 28: 4496, 29: 3635, 30: 2791, 31: 2053, 32: 1471, 33: 941, 34: 675, 35: 476, 36: 307, 37: 195, 38: 115, 39: 75, 40: 36, 41: 21, 42: 9, 43: 5, 44: 3, 45: 3}"
100000,"{5: 1, 6: 3, 7: 7, 8: 23, 9: 28, 10: 112, 11: 233, 12: 467, 13: 825, 14: 1321, 15: 2054, 16: 3079, 17: 4016, 18: 5072, 19: 6239, 20: 7202, 21: 8042, 22: 8107, 23: 8316, 24: 7963, 25: 7360, 26: 6580, 27: 5595, 28: 4513, 29: 3631, 30: 2818, 31: 2073, 32: 1441, 33: 1025, 34: 710, 35: 433, 36: 262, 37: 185, 38: 112, 39: 62, 40: 42, 41: 25, 42: 9, 43: 6, 44: 6, 46: 2}"
100000,"{6: 4, 7: 9, 8: 17, 9: 49, 10: 139, 11: 267, 12: 455, 13: 878, 14: 1355, 15: 2101, 16: 2970, 17: 4025, 18: 5270, 19: 6280, 20: 7085, 21: 7845, 22: 8287, 23: 8304, 24: 8076, 25: 7358, 26: 6456, 27: 5657, 28: 4542, 29: 3555, 30: 2672, 31: 2003, 32: 1395, 33: 1051, 34: 703, 35: 462, 36: 304, 37: 192, 38: 104, 39: 64, 40: 28, 41: 15, 42: 11, 43: 4, 44: 3, 45: 4, 47: 1}"
100000,"{5: 1, 6: 6, 7: 5, 8: 30, 9: 31, 10: 98, 11: 232, 12: 466, 13: 845, 14: 1327, 15: 2070, 16: 2959, 17: 3989, 18: 5186, 19: 6214, 20: 7164, 21: 7906, 22: 8198, 23: 8450, 24: 7892, 25: 7284, 26: 6451, 27: 5587, 28: 4608, 29: 3641, 30: 2800, 31: 2071, 32: 1511, 33: 1030, 34: 741, 35: 453, 36: 270, 37: 221, 38: 125, 39: 65, 40: 28, 41: 20, 42: 12, 43: 5, 44: 7, 46: 1}"
100000,"{6: 5, 7: 3, 8: 20, 9: 54, 10: 113, 11: 272, 12: 488, 13: 838, 14: 1285, 15: 2070, 16: 2986, 17: 3956, 18: 5177, 19: 6343, 20: 7227, 21: 7963, 22: 8350, 23: 8334, 24: 7981, 25: 7346, 26: 6440, 27: 5597, 28: 4464, 29: 3601, 30: 2745, 31: 2053, 32: 1447, 33: 1049, 34: 688, 35: 437, 36: 274, 37: 164, 38: 91, 39: 61, 40: 45, 41: 12, 42: 7, 43: 7, 44: 5, 45: 2}"
100000,"{7: 5, 8: 24, 9: 38, 10: 104, 11: 257, 12: 466, 13: 784, 14: 1375, 15: 2084, 16: 2921, 17: 3959, 18: 5165, 19: 6452, 20: 7335, 21: 7935, 22: 8192, 23: 8321, 24: 7917, 25: 7483, 26: 6473, 27: 5307, 28: 4583, 29: 3517, 30: 2794, 31: 2126, 32: 1461, 33: 983, 34: 733, 35: 467, 36: 299, 37: 177, 38: 114, 39: 65, 40: 34, 41: 16, 42: 15, 43: 11, 44: 4, 45: 3, 46: 1}"
100000,"{5: 1, 6: 1, 7: 7, 8: 22, 9: 59, 10: 93, 11: 240, 12: 451, 13: 789, 14: 1317, 15: 1997, 16: 2890, 17: 3962, 18: 5344, 19: 6123, 20: 7247, 21: 7855, 22: 8344, 23: 8476, 24: 7923, 25: 7223, 26: 6457, 27: 5623, 28: 4573, 29: 3629, 30: 2751, 31: 2118, 32: 1491, 33: 1049, 34: 730, 35: 460, 36: 325, 37: 200, 38: 92, 39: 53, 40: 39, 41: 21, 42: 14, 43: 6, 44: 2, 45: 3}"
100000,"{6: 1, 7: 2, 8: 25, 9: 50, 10: 118, 11: 224, 12: 457, 13: 851, 14: 1356, 15: 2017, 16: 2997, 17: 4101, 18: 5178, 19: 6396, 20: 7350, 21: 7761, 22: 8305, 23: 8402, 24: 7865, 25: 7181, 26: 6439, 27: 5583, 28: 4546, 29: 3666, 30: 2743, 31: 2015, 32: 1517, 33: 1037, 34: 638, 35: 465, 36: 307, 37: 173, 38: 100, 39: 55, 40: 41, 41: 16, 42: 7, 43: 9, 44: 1, 45: 1, 46: 2, 47: 1, 48: 1}"
100000,"{6: 2, 7: 6, 8: 25, 9: 56, 10: 114, 11: 237, 12: 432, 13: 858, 14: 1397, 15: 2068, 16: 2998, 17: 4027, 18: 5134, 19: 6361, 20: 7259, 21: 7738, 22: 8293, 23: 8285, 24: 7919, 25: 7371, 26: 6444, 27: 5498, 28: 4599, 29: 3616, 30: 2740, 31: 2144, 32: 1453, 33: 1044, 34: 700, 35: 425, 36: 313, 37: 186, 38: 112, 39: 47, 40: 45, 41: 31, 42: 11, 43: 6, 44: 2, 45: 1, 47: 3}"
100000,"{5: 1, 6: 1, 7: 7, 8: 19, 9: 47, 10: 116, 11: 249, 12: 491, 13: 826, 14: 1357, 15: 2064, 16: 3115, 17: 4053, 18: 5265, 19: 6218, 20: 7273, 21: 7897, 22: 8339, 23: 8259, 24: 7863, 25: 7218, 26: 6360, 27: 5484, 28: 4571, 29: 3592, 30: 2809, 31: 2140, 32: 1425, 33: 1026, 34: 730, 35: 435, 36: 307, 37: 192, 38: 103, 39: 66, 40: 36, 41: 18, 42: 11, 43: 12, 44: 3, 46: 1, 48: 1}"
100000,"{6: 2, 7: 5, 8: 32, 9: 48, 10: 125, 11: 237, 12: 484, 13: 804, 14: 1358, 15: 2194, 16: 3004, 17: 4042, 18: 5149, 19: 6230, 20: 7299, 21: 7977, 22: 8282, 23: 8131, 24: 7981, 25: 7280, 26: 6453, 27: 5460, 28: 4596, 29: 3562, 30: 2704, 31: 2087, 32: 1539, 33: 1048, 34: 708, 35: 443, 36: 303, 37: 176, 38: 111, 39: 70, 40: 41, 41: 15, 42: 4, 43: 6, 44: 3, 45: 5, 46: 2}"
100000,"{5: 1, 6: 1, 7: 6, 8: 23, 9: 53, 10: 122, 11: 251, 12: 460, 13: 807, 14: 1364, 15: 2097, 16: 2960, 17: 3968, 18: 5179, 19: 6363, 20: 7331, 21: 7844, 22: 8290, 23: 8191, 24: 7845, 25: 7425, 26: 6444, 27: 5585, 28: 4534, 29: 3616, 30: 2741, 31: 2131, 32: 1443, 33: 1070, 34: 691, 35: 451, 36: 265, 37: 193, 38: 116, 39: 61, 40: 34, 41: 24, 42: 10, 43: 2, 44: 2, 45: 3, 47: 1, 48: 1, 51: 1}"
100000,"{6: 1, 7: 6, 8: 18, 9: 45, 10: 115, 11: 261, 12: 423, 13: 808, 14: 1357, 15: 2094, 16: 2925, 17: 4059, 18: 5231, 19: 6317, 20: 7353, 21: 7853, 22: 8369, 23: 8250, 24: 7802, 25: 7298, 26: 6420, 27: 5484, 28: 4448, 29: 3664, 30: 2812, 31: 2099, 32: 1493, 33: 1087, 34: 684, 35: 458, 36: 300, 37: 183, 38: 135, 39: 61, 40: 37, 41: 18, 42: 17, 43: 11, 44: 2, 45: 2}"
100000,"{4: 1, 7: 2, 8: 20, 9: 41, 10: 115, 11: 218, 12: 470, 13: 866, 14: 1368, 15: 2112, 16: 3026, 17: 4016, 18: 5265, 19: 6245, 20: 7151, 21: 8012, 22: 8305, 23: 8273, 24: 7956, 25: 7349, 26: 6364, 27: 5606, 28: 4410, 29: 3622, 30: 2735, 31: 2055, 32: 1503, 33: 1023, 34: 635, 35: 474, 36: 304, 37: 193, 38: 111, 39: 73, 40: 38, 41: 19, 42: 11, 43: 6, 44: 3, 45: 1, 46: 2, 48: 1}"
100000,"{4: 1, 7: 3, 8: 21, 9: 41, 10: 120, 11: 238, 12: 467, 13: 814, 14: 1320, 15: 2035, 16: 3000, 17: 4078, 18: 5189, 19: 6225, 20: 7268, 21: 7841, 22: 8290, 23: 8236, 24: 8016, 25: 7356, 26: 6523, 27: 5496, 28: 4556, 29: 3564, 30: 2777, 31: 2091, 32: 1446, 33: 1000, 34: 708, 35: 470, 36: 330, 37: 215, 38: 106, 39: 65, 40: 41, 41: 20, 42: 17, 43: 9, 44: 3, 45: 2, 46: 1, 47: 1}"
100000,"{5: 2, 6: 3, 7: 5, 8: 23, 9: 47, 10: 100, 11: 197, 12: 455, 13: 849, 14: 1338, 15: 2116, 16: 2966, 17: 4041, 18: 5214, 19: 6233, 20: 7198, 21: 7928, 22: 8300, 23: 8278, 24: 8025, 25: 7440, 26: 6446, 27: 5447, 28: 4561, 29: 3607, 30: 2746, 31: 2130, 32: 1425, 33: 1041, 34: 699, 35: 458, 36: 277, 37: 167, 38: 98, 39: 54, 40: 32, 41: 20, 42: 16, 43: 6, 44: 5, 45: 3, 46: 3, 47: 1}"
100000,"{5: 1, 6: 1, 7: 12, 8: 15, 9: 52, 10: 114, 11: 244, 12: 466, 13: 813, 14: 1374, 15: 2104, 16: 3012, 17: 4072, 18: 5197, 19: 6286, 20: 7352, 21: 7964, 22: 8172, 23: 8239, 24: 8000, 25: 7196, 26: 6473, 27: 5548, 28: 4496, 29: 3618, 30: 2778, 31: 2063, 32: 1444, 33: 1052, 34: 651, 35: 465, 36: 270, 37: 186, 38: 109, 39: 76, 40: 38, 41: 26, 42: 10, 43: 5, 44: 4, 45: 2}"
100000,"{6: 3, 7: 11, 8: 24, 9: 55, 10: 97, 11: 237, 12: 449, 13: 772, 14: 1330, 15: 2136, 16: 3019, 17: 4040, 18: 5328, 19: 6120, 20: 7220, 21: 8042, 22: 8289, 23: 8215, 24: 7879, 25: 7393, 26: 6534, 27: 5417, 28: 4526, 29: 3598, 30: 2743, 31: 2010, 32: 1523, 33: 1027, 34: 712, 35: 477, 36: 296, 37: 185, 38: 125, 39: 71, 40: 38, 41: 24, 42: 17, 43: 9, 44: 5, 46: 1, 47: 1, 48: 2}"
100000,"{6: 3, 7: 11, 8: 15, 9: 47, 10: 98, 11: 243, 12: 520, 13: 809, 14: 1360, 15: 2077, 16: 3023, 17: 4097, 18: 5097, 19: 6204, 20: 7304, 21: 7981, 22: 8122, 23: 8247, 24: 7989, 25: 7429, 26: 6565, 27: 5517, 28: 4607, 29: 3523, 30: 2731, 31: 2057, 32: 1456, 33: 992, 34: 708, 35: 489, 36: 277, 37: 168, 38: 103, 39: 57, 40: 35, 41: 15, 42: 11, 43: 8, 44: 2, 45: 3}"
100000,"{6: 5, 7: 7, 8: 21, 9: 49, 10: 108, 11: 204, 12: 477, 13: 853, 14: 1365, 15: 2072, 16: 2921, 17: 3971, 18: 4982, 19: 6256, 20: 7304, 21: 7847, 22: 8222, 23: 8413, 24: 7818, 25: 7234, 26: 6638, 27: 5658, 28: 4536, 29: 3716, 30: 2815, 31: 2101, 32: 1497, 33: 994, 34: 697, 35: 470, 36: 283, 37: 197, 38: 120, 39: 68, 40: 37, 41: 14, 42: 14, 43: 11, 45: 2, 46: 2, 47: 1}"
100000,"{6: 1, 7: 6, 8: 21, 9: 36, 10: 119, 11: 242, 12: 483, 13: 843, 14: 1378, 15: 1966, 16: 2944, 17: 3940, 18: 5213, 19: 6323, 20: 7251, 21: 7880, 22: 8277, 23: 8313, 24: 7843, 25: 7450, 26: 6701, 27: 5450, 28: 4507, 29: 3612, 30: 2764, 31: 2071, 32: 1500, 33: 1020, 34: 697, 35: 448, 36: 262, 37: 177, 38: 112, 39: 61, 40: 37, 41: 20, 42: 18, 43: 6, 44: 5, 45: 2, 46: 1}"
100000,"{4: 1, 6: 2, 7: 5, 8: 16, 9: 48, 10: 116, 11: 273, 12: 457, 13: 733, 14: 1350, 15: 2084, 16: 2901, 17: 4019, 18: 5269, 19: 6273, 20: 7193, 21: 7815, 22: 8260, 23: 8313, 24: 8025, 25: 7371, 26: 6611, 27: 5455, 28: 4498, 29: 3637, 30: 2740, 31: 2098, 32: 1457, 33: 1087, 34: 677, 35: 474, 36: 294, 37: 195, 38: 99, 39: 72, 40: 38, 41: 23, 42: 10, 43: 6, 44: 4, 45: 1}"
100000,"{5: 2, 6: 2, 7: 8, 8: 20, 9: 51, 10: 105, 11: 237, 12: 522, 13: 820, 14: 1409, 15: 2015, 16: 2885, 17: 4085, 18: 5203, 19: 6293, 20: 7238, 21: 7957, 22: 8126, 23: 8300, 24: 7890, 25: 7369, 26: 6471, 27: 5612, 28: 4571, 29: 3658, 30: 2831, 31: 1984, 32: 1429, 33: 997, 34: 723, 35: 480, 36: 313, 37: 181, 38: 85, 39: 56, 40: 31, 41: 14, 42: 16, 43: 5, 44: 4, 45: 1, 47: 1}"
100000,"{7: 4, 8: 16, 9: 62, 10: 122, 11: 259, 12: 476, 13: 812, 14: 1281, 15: 2054, 16: 3032, 17: 4026, 18: 5109, 19: 6242, 20: 7252, 21: 7813, 22: 8159, 23: 8304, 24: 8057, 25: 7388, 26: 6554, 27: 5492, 28: 4585, 29: 3663, 30: 2778, 31: 2105, 32: 1455, 33: 1042, 34: 659, 35: 497, 36: 270, 37: 193, 38: 105, 39: 60, 40: 35, 41: 19, 42: 6, 43: 7, 44: 4, 45: 2, 46: 1}"
100000,"{5: 1, 6: 4, 7: 4, 8: 24, 9: 50, 10: 119, 11: 253, 12: 489, 13: 871, 14: 1387, 15: 2154, 16: 3050, 17: 4142, 18: 5174, 19: 6376, 20: 7269, 21: 8017, 22: 8232, 23: 8201, 24: 7949, 25: 7332, 26: 6344, 27: 5447, 28: 4423, 29: 3657, 30: 2779, 31: 1999, 32: 1440, 33: 984, 34: 688, 35: 425, 36: 293, 37: 153, 38: 117, 39: 53, 40: 46, 41: 23, 42: 14, 43: 8, 44: 4, 45: 2, 46: 3}"
100000,"{5: 1, 6: 3, 7: 10, 8: 18, 9: 53, 10: 128, 11: 266, 12: 466, 13: 799, 14: 1355, 15: 2036, 16: 3057, 17: 4023, 18: 5206, 19: 6225, 20: 7194, 21: 7805, 22: 8337, 23: 8268, 24: 7852, 25: 7379, 26: 6509, 27: 5596, 28: 4599, 29: 3619, 30: 2766, 31: 2079, 32: 1448, 33: 1032, 34: 681, 35: 430, 36: 303, 37: 198, 38: 108, 39: 66, 40: 38, 41: 21, 42: 9, 43: 8, 44: 5, 45: 3, 47: 1}"
100000,"{6: 2, 7: 7, 8: 14, 9: 30, 10: 116, 11: 229, 12: 454, 13: 849, 14: 1312, 15: 1977, 16: 2979, 17: 4068, 18: 5120, 19: 6236, 20: 7208, 21: 7873, 22: 8234, 23: 8275, 24: 7927, 25: 7414, 26: 6464, 27: 5598, 28: 4568, 29: 3692, 30: 2773, 31: 2125, 32: 1491, 33: 1034, 34: 697, 35: 491, 36: 311, 37: 182, 38: 102, 39: 76, 40: 37, 41: 12, 42: 12, 43: 6, 44: 2, 45: 2, 48: 1}"
100000,"{5: 1, 6: 2, 7: 9, 8: 27, 9: 42, 10: 118, 11: 251, 12: 455, 13: 833, 14: 1324, 15: 2065, 16: 3063, 17: 4029, 18: 5177, 19: 6317, 20: 7266, 21: 7945, 22: 8172, 23: 8429, 24: 7923, 25: 7515, 26: 6299, 27: 5426, 28: 4507, 29: 3572, 30: 2715, 31: 2097, 32: 1518, 33: 1017, 34: 709, 35: 453, 36: 279, 37: 209, 38: 110, 39: 48, 40: 33, 41: 25, 42: 11, 43: 5, 44: 3, 46: 1}"
100000,"{6: 1, 7: 3, 8: 14, 9: 50, 10: 115, 11: 265, 12: 432, 13: 830, 14: 1380, 15: 2157, 16: 3090, 17: 4006, 18: 5053, 19: 6382, 20: 7290, 21: 7987, 22: 8421, 23: 8122, 24: 7976, 25: 7295, 26: 6272, 27: 5430, 28: 4546, 29: 3628, 30: 2781, 31: 2083, 32: 1521, 33: 1062, 34: 688, 35: 443, 36: 258, 37: 191, 38: 104, 39: 57, 40: 31, 41: 14, 42: 10, 43: 3, 44: 3, 45: 3, 46: 1, 48: 1, 49: 1}"
100000,"{5: 1, 6: 1, 7: 11, 8: 20, 9: 55, 10: 124, 11: 235, 12: 471, 13: 837, 14: 1312, 15: 2100, 16: 2916, 17: 4042, 18: 5168, 19: 6298, 20: 7219, 21: 7961, 22: 8437, 23: 8368, 24: 7934, 25: 7291, 26: 6353, 27: 5517, 28: 4567, 29: 3583, 30: 2817, 31: 2055, 32: 1422, 33: 1025, 34: 688, 35: 447, 36: 302, 37: 176, 38: 97, 39: 66, 40: 33, 41: 25, 42: 15, 43: 2, 44: 4, 45: 3, 47: 2}"
100000,"{4: 1, 5: 3, 6: 2, 7: 9, 8: 20, 9: 46, 10: 105, 11: 231, 12: 449, 13: 836, 14: 1354, 15: 2094, 16: 3050, 17: 4032, 18: 5182, 19: 6436, 20: 7138, 21: 8031, 22: 8027, 23: 8261, 24: 7911, 25: 7439, 26: 6543, 27: 5499, 28: 4562, 29: 3614, 30: 2716, 31: 2117, 32: 1432, 33: 1027, 34: 635, 35: 468, 36: 297, 37: 177, 38: 114, 39: 61, 40: 34, 41: 21, 42: 14, 43: 7, 44: 3, 45: 1, 48: 1}"
100000,"{6: 3, 7: 8, 8: 22, 9: 42, 10: 110, 11: 251, 12: 490, 13: 831, 14: 1347, 15: 2070, 16: 3081, 17: 3964, 18: 5186, 19: 6310, 20: 7162, 21: 7840, 22: 8511, 23: 8285, 24: 7903, 25: 7323, 26: 6534, 27: 5465, 28: 4506, 29: 3656, 30: 2775, 31: 2084, 32: 1329, 33: 1039, 34: 701, 35: 461, 36: 283, 37: 175, 38: 115, 39: 69, 40: 31, 41: 21, 42: 6, 43: 4, 44: 4, 45: 2, 46: 1}"
100000,"{4: 1, 6: 5, 7: 5, 8: 21, 9: 51, 10: 118, 11: 268, 12: 477, 13: 835, 14: 1365, 15: 2036, 16: 2992, 17: 4145, 18: 5218, 19: 6297, 20: 7255, 21: 7965, 22: 8292, 23: 8221, 24: 7874, 25: 7361, 26: 6343, 27: 5495, 28: 4480, 29: 3665, 30: 2758, 31: 2095, 32: 1426, 33: 1027, 34: 658, 35: 460, 36: 334, 37: 180, 38: 117, 39: 62, 40: 51, 41: 24, 42: 9, 43: 5, 44: 3, 45: 3, 46: 2, 48: 1}"
100000,"{5: 2, 6: 3, 7: 4, 8: 17, 9: 40, 10: 122, 11: 253, 12: 476, 13: 803, 14: 1436, 15: 2122, 16: 2954, 17: 3979, 18: 5175, 19: 6378, 20: 7361, 21: 7846, 22: 8342, 23: 8239, 24: 8023, 25: 7187, 26: 6442, 27: 5428, 28: 4516, 29: 3492, 30: 2819, 31: 2107, 32: 1449, 33: 1036, 34: 713, 35: 456, 36: 317, 37: 214, 38: 119, 39: 55, 40: 37, 41: 19, 42: 8, 43: 7, 44: 3, 45: 1}"
100000,"{5: 2, 6: 1, 7: 10, 8: 30, 9: 66, 10: 140, 11: 260, 12: 471, 13: 811, 14: 1366, 15: 2101, 16: 3152, 17: 3985, 18: 5242, 19: 6245, 20: 7146, 21: 8009, 22: 8184, 23: 8357, 24: 8025, 25: 7343, 26: 6340, 27: 5421, 28: 4467, 29: 3595, 30: 2727, 31: 1998, 32: 1485, 33: 1055, 34: 715, 35: 499, 36: 274, 37: 181, 38: 140, 39: 74, 40: 36, 41: 22, 42: 15, 43: 6, 44: 3, 48: 1}"
100000,"{4: 1, 6: 1, 7: 10, 8: 20, 9: 46, 10: 129, 11: 251, 12: 441, 13: 809, 14: 1374, 15: 2005, 16: 3015, 17: 4099, 18: 5143, 19: 6279, 20: 7270, 21: 8087, 22: 8274, 23: 8136, 24: 7933, 25: 7352, 26: 6469, 27: 5671, 28: 4468, 29: 3627, 30: 2786, 31: 1994, 32: 1458, 33: 985, 34: 661, 35: 442, 36: 311, 37: 177, 38: 122, 39: 64, 40: 46, 41: 18, 42: 12, 43: 6, 44: 4, 45: 3, 47: 1}"
100000,"{5: 2, 6: 1, 7: 6, 8: 12, 9: 51, 10: 121, 11: 226, 12: 466, 13: 828, 14: 1317, 15: 2062, 16: 3006, 17: 4021, 18: 5156, 19: 6230, 20: 7181, 21: 7849, 22: 8210, 23: 8481, 24: 7937, 25: 7366, 26: 6465, 27: 5606, 28: 4590, 29: 3618, 30: 2771, 31: 2056, 32: 1474, 33: 981, 34: 718, 35: 446, 36: 298, 37: 189, 38: 122, 39: 64, 40: 34, 41: 18, 42: 10, 43: 5, 44: 1, 45: 3, 46: 1, 48: 1}"
100000,"{4: 1, 6: 4, 7: 3, 8: 17, 9: 43, 10: 131, 11: 235, 12: 487, 13: 839, 14: 1321, 15: 2146, 16: 2891, 17: 4141, 18: 5267, 19: 6237, 20: 7239, 21: 8028, 22: 8151, 23: 8158, 24: 7900, 25: 7283, 26: 6551, 27: 5514, 28: 4625, 29: 3492, 30: 2742, 31: 2111, 32: 1490, 33: 1047, 34: 673, 35: 469, 36: 304, 37: 182, 38: 102, 39: 66, 40: 53, 41: 38, 42: 8, 43: 6, 44: 1, 45: 4}"
100000,"{6: 2, 7: 13, 8: 22, 9: 53, 10: 130, 11: 240, 12: 478, 13: 840, 14: 1409, 15: 2093, 16: 2993, 17: 4060, 18: 5245, 19: 6102, 20: 7356, 21: 7949, 22: 8255, 23: 8413, 24: 7877, 25: 7372, 26: 6352, 27: 5484, 28: 4476, 29: 3594, 30: 2792, 31: 2056, 32: 1468, 33: 996, 34: 708, 35: 455, 36: 275, 37: 168, 38: 123, 39: 67, 40: 41, 41: 17, 42: 11, 43: 8, 44: 4, 45: 2, 48: 1}"
100000,"{5: 2, 6: 3, 7: 5, 8: 25, 9: 63, 10: 129, 11: 250, 12: 480, 13: 771, 14: 1376, 15: 2047, 16: 2913, 17: 4015, 18: 5167, 19: 6221, 20: 7222, 21: 7891, 22: 8144, 23: 8250, 24: 7963, 25: 7348, 26: 6527, 27: 5512, 28: 4535, 29: 3591, 30: 2882, 31: 2135, 32: 1532, 33: 1033, 34: 716, 35: 504, 36: 294, 37: 179, 38: 94, 39: 95, 40: 35, 41: 26, 42: 13, 43: 6, 44: 2, 46: 1, 47: 1, 48: 1, 49: 1}"
100000,"{4: 1, 6: 3, 7: 6, 8: 18, 9: 54, 10: 110, 11: 264, 12: 462, 13: 809, 14: 1322, 15: 2172, 16: 2923, 17: 3985, 18: 5220, 19: 6163, 20: 7174, 21: 7898, 22: 8307, 23: 8363, 24: 7936, 25: 7327, 26: 6367, 27: 5671, 28: 4439, 29: 3526, 30: 2933, 31: 2136, 32: 1482, 33: 1057, 34: 703, 35: 423, 36: 306, 37: 187, 38: 115, 39: 58, 40: 36, 41: 19, 42: 11, 43: 6, 44: 3, 45: 2, 47: 2, 52: 1}"
100000,"{6: 1, 7: 6, 8: 30, 9: 51, 10: 108, 11: 259, 12: 454, 13: 836, 14: 1391, 15: 2121, 16: 2996, 17: 3964, 18: 5180, 19: 6307, 20: 7177, 21: 7880, 22: 8310, 23: 8265, 24: 7943, 25: 7394, 26: 6536, 27: 5541, 28: 4563, 29: 3522, 30: 2724, 31: 2072, 32: 1481, 33: 1103, 34: 650, 35: 411, 36: 285, 37: 171, 38: 132, 39: 57, 40: 27, 41: 24, 42: 10, 43: 12, 44: 1, 45: 3, 46: 1, 47: 1}"
100000,"{6: 1, 7: 9, 8: 18, 9: 49, 10: 119, 11: 225, 12: 487, 13: 830, 14: 1402, 15: 2024, 16: 2995, 17: 3968, 18: 5193, 19: 6320, 20: 7270, 21: 7977, 22: 8351, 23: 8385, 24: 7779, 25: 7341, 26: 6382, 27: 5413, 28: 4530, 29: 3614, 30: 2811, 31: 2065, 32: 1458, 33: 1044, 34: 697, 35: 456, 36: 332, 37: 197, 38: 118, 39: 72, 40: 33, 41: 14, 42: 11, 43: 6, 44: 2, 45: 1, 46: 1}"
100000,"{5: 1, 6: 2, 7: 9, 8: 14, 9: 59, 10: 123, 11: 244, 12: 484, 13: 791, 14: 1350, 15: 2049, 16: 3029, 17: 4044, 18: 5174, 19: 6357, 20: 7148, 21: 7984, 22: 8203, 23: 8272, 24: 7993, 25: 7279, 26: 6411, 27: 5509, 28: 4603, 29: 3609, 30: 2810, 31: 2032, 32: 1473, 33: 1064, 34: 704, 35: 440, 36: 295, 37: 183, 38: 105, 39: 60, 40: 45, 41: 21, 42: 10, 43: 6, 44: 6, 45: 3, 46: 1, 50: 1}"
100000,"{5: 1, 6: 3, 7: 8, 8: 18, 9: 49, 10: 107, 11: 231, 12: 471, 13: 800, 14: 1405, 15: 2083, 16: 3010, 17: 4151, 18: 5191, 19: 6237, 20: 7255, 21: 8010, 22: 8233, 23: 8244, 24: 7937, 25: 7313, 26: 6399, 27: 5480, 28: 4553, 29: 3725, 30: 2709, 31: 2086, 32: 1481, 33: 949, 34: 709, 35: 425, 36: 283, 37: 182, 38: 114, 39: 67, 40: 32, 41: 21, 42: 13, 43: 9, 44: 2, 45: 2, 46: 1, 47: 1}"
100000,"{6: 2, 7: 6, 8: 26, 9: 49, 10: 112, 11: 240, 12: 498, 13: 747, 14: 1330, 15: 2122, 16: 2999, 17: 3999, 18: 5247, 19: 6356, 20: 7213, 21: 7831, 22: 8176, 23: 8268, 24: 7940, 25: 7254, 26: 6537, 27: 5533, 28: 4601, 29: 3643, 30: 2740, 31: 2057, 32: 1451, 33: 1053, 34: 715, 35: 490, 36: 311, 37: 184, 38: 116, 39: 64, 40: 45, 41: 18, 42: 15, 43: 5, 44: 3, 45: 3, 46: 1}"
100000,"{6: 1, 7: 3, 8: 17, 9: 46, 10: 111, 11: 229, 12: 463, 13: 804, 14: 1392, 15: 2036, 16: 3043, 17: 4021, 18: 5152, 19: 6352, 20: 7367, 21: 7837, 22: 8276, 23: 8233, 24: 7894, 25: 7389, 26: 6479, 27: 5464, 28: 4498, 29: 3623, 30: 2731, 31: 2074, 32: 1491, 33: 1067, 34: 699, 35: 468, 36: 285, 37: 191, 38: 113, 39: 68, 40: 38, 41: 17, 42: 13, 43: 5, 44: 5, 45: 2, 46: 1, 47: 1, 48: 1}"
100000,"{4: 1, 5: 1, 6: 1, 7: 4, 8: 21, 9: 43, 10: 103, 11: 235, 12: 495, 13: 778, 14: 1363, 15: 2057, 16: 2917, 17: 4122, 18: 5114, 19: 6211, 20: 7085, 21: 7939, 22: 8171, 23: 8386, 24: 7945, 25: 7157, 26: 6582, 27: 5608, 28: 4694, 29: 3599, 30: 2815, 31: 2103, 32: 1505, 33: 998, 34: 714, 35: 490, 36: 289, 37: 187, 38: 103, 39: 69, 40: 38, 41: 26, 42: 16, 43: 9, 44: 3, 45: 2, 46: 1}"
100000,"{6: 2, 7: 9, 8: 14, 9: 42, 10: 120, 11: 233, 12: 469, 13: 821, 14: 1353, 15: 2095, 16: 3039, 17: 4072, 18: 5272, 19: 6090, 20: 7354, 21: 7837, 22: 8454, 23: 8196, 24: 7756, 25: 7449, 26: 6440, 27: 5521, 28: 4476, 29: 3554, 30: 2817, 31: 2075, 32: 1479, 33: 1047, 34: 695, 35: 476, 36: 281, 37: 185, 38: 108, 39: 68, 40: 41, 41: 29, 42: 19, 43: 7, 44: 2, 45: 2, 46: 1}"
100000,"{6: 1, 7: 4, 8: 24, 9: 42, 10: 118, 11: 262, 12: 462, 13: 798, 14: 1303, 15: 2171, 16: 2920, 17: 4017, 18: 5112, 19: 6280, 20: 7272, 21: 7874, 22: 8191, 23: 8114, 24: 7926, 25: 7260, 26: 6578, 27: 5505, 28: 4596, 29: 3585, 30: 2807, 31: 2208, 32: 1591, 33: 1063, 34: 709, 35: 467, 36: 307, 37: 180, 38: 117, 39: 57, 40: 38, 41: 24, 42: 10, 43: 2, 44: 3, 45: 1, 48: 1}"
100000,"{4: 1, 7: 4, 8: 23, 9: 54, 10: 120, 11: 244, 12: 462, 13: 756, 14: 1411, 15: 2181, 16: 3054, 17: 4063, 18: 5210, 19: 6272, 20: 7280, 21: 7890, 22: 8298, 23: 8454, 24: 7970, 25: 7184, 26: 6451, 27: 5552, 28: 4437, 29: 3611, 30: 2742, 31: 2038, 32: 1476, 33: 967, 34: 676, 35: 432, 36: 268, 37: 161, 38: 119, 39: 59, 40: 35, 41: 30, 42: 4, 43: 5, 44: 3, 45: 1, 47: 2}"
100000,"{4: 1, 7: 7, 8: 17, 9: 45, 10: 117, 11: 239, 12: 494, 13: 840, 14: 1355, 15: 2107, 16: 2958, 17: 4041, 18: 5220, 19: 6372, 20: 7373, 21: 7939, 22: 8295, 23: 8174, 24: 7817, 25: 7197, 26: 6479, 27: 5353, 28: 4615, 29: 3635, 30: 2765, 31: 2064, 32: 1555, 33: 1042, 34: 711, 35: 450, 36: 274, 37: 173, 38: 119, 39: 74, 40: 40, 41: 19, 42: 14, 43: 3, 44: 4, 45: 2, 46: 1}"
100000,"{6: 4, 7: 6, 8: 20, 9: 52, 10: 125, 11: 232, 12: 477, 13: 828, 14: 1364, 15: 2029, 16: 2956, 17: 4110, 18: 5191, 19: 6214, 20: 7301, 21: 8083, 22: 8165, 23: 8153, 24: 7906, 25: 7378, 26: 6405, 27: 5575, 28: 4535, 29: 3669, 30: 2764, 31: 2090, 32: 1464, 33: 1015, 34: 680, 35: 434, 36: 293, 37: 203, 38: 104, 39: 82, 40: 44, 41: 20, 42: 13, 43: 12, 44: 3, 45: 1}"
100000,"{5: 1, 6: 4, 7: 3, 8: 17, 9: 40, 10: 130, 11: 251, 12: 477, 13: 847, 14: 1374, 15: 2094, 16: 2997, 17: 4062, 18: 5206, 19: 6325, 20: 7177, 21: 7840, 22: 8245, 23: 8245, 24: 7917, 25: 7322, 26: 6503, 27: 5579, 28: 4607, 29: 3530, 30: 2763, 31: 2045, 32: 1460, 33: 1001, 34: 682, 35: 457, 36: 326, 37: 205, 38: 122, 39: 59, 40: 41, 41: 24, 42: 17, 43: 3, 45: 1, 46: 1}"
100000,"{7: 5, 8: 22, 9: 49, 10: 117, 11: 222, 12: 444, 13: 856, 14: 1378, 15: 2038, 16: 2987, 17: 4018, 18: 5151, 19: 6372, 20: 7358, 21: 7686, 22: 8319, 23: 8281, 24: 7920, 25: 7401, 26: 6505, 27: 5561, 28: 4549, 29: 3550, 30: 2814, 31: 2010, 32: 1463, 33: 1052, 34: 705, 35: 436, 36: 275, 37: 183, 38: 116, 39: 70, 40: 38, 41: 21, 42: 16, 43: 4, 44: 4, 45: 3, 46: 1}"
100000,"{6: 5, 7: 7, 8: 23, 9: 52, 10: 103, 11: 221, 12: 426, 13: 835, 14: 1336, 15: 2052, 16: 2986, 17: 3985, 18: 5219, 19: 6166, 20: 7268, 21: 7952, 22: 8107, 23: 8136, 24: 7888, 25: 7370, 26: 6535, 27: 5639, 28: 4575, 29: 3583, 30: 2774, 31: 2107, 32: 1533, 33: 1062, 34: 741, 35: 513, 36: 316, 37: 208, 38: 131, 39: 60, 40: 25, 41: 26, 42: 16, 43: 8, 44: 6, 45: 2, 46: 3}"
100000,"{6: 2, 7: 11, 8: 17, 9: 55, 10: 114, 11: 250, 12: 469, 13: 867, 14: 1402, 15: 2116, 16: 3031, 17: 4039, 18: 5041, 19: 6430, 20: 7202, 21: 7911, 22: 8171, 23: 8196, 24: 7877, 25: 7319, 26: 6464, 27: 5442, 28: 4587, 29: 3644, 30: 2808, 31: 2055, 32: 1581, 33: 981, 34: 699, 35: 474, 36: 281, 37: 198, 38: 119, 39: 68, 40: 36, 41: 17, 42: 15, 43: 6, 44: 1, 45: 2, 46: 1, 49: 1}"
100000,"{5: 1, 6: 2, 7: 11, 8: 20, 9: 60, 10: 113, 11: 239, 12: 496, 13: 777, 14: 1340, 15: 2083, 16: 3031, 17: 4067, 18: 5192, 19: 6315, 20: 7126, 21: 7939, 22: 8277, 23: 8405, 24: 8020, 25: 7218, 26: 6564, 27: 5371, 28: 4599, 29: 3629, 30: 2741, 31: 2072, 32: 1476, 33: 1012, 34: 659, 35: 441, 36: 289, 37: 164, 38: 104, 39: 69, 40: 33, 41: 14, 42: 18, 43: 4, 44: 7, 45: 1, 46: 1}"
100000,"{2: 1, 5: 2, 6: 3, 7: 10, 8: 15, 9: 60, 10: 114, 11: 242, 12: 489, 13: 807, 14: 1345, 15: 2104, 16: 2857, 17: 4063, 18: 5138, 19: 6290, 20: 7218, 21: 7867, 22: 8353, 23: 8253, 24: 7927, 25: 7299, 26: 6503, 27: 5570, 28: 4601, 29: 3682, 30: 2797, 31: 2032, 32: 1483, 33: 1009, 34: 669, 35: 407, 36: 288, 37: 219, 38: 123, 39: 74, 40: 41, 41: 20, 42: 12, 43: 7, 44: 2, 45: 3, 48: 1}"
100000,"{5: 1, 6: 1, 7: 9, 8: 19, 9: 55, 10: 121, 11: 235, 12: 425, 13: 802, 14: 1296, 15: 2059, 16: 2991, 17: 4030, 18: 5189, 19: 6219, 20: 7332, 21: 7939, 22: 8219, 23: 8241, 24: 7935, 25: 7307, 26: 6556, 27: 5635, 28: 4619, 29: 3665, 30: 2838, 31: 1946, 32: 1478, 33: 998, 34: 646, 35: 448, 36: 318, 37: 174, 38: 96, 39: 60, 40: 41, 41: 28, 42: 13, 43: 6, 44: 6, 46: 3, 49: 1}"
100000,"{6: 3, 7: 5, 8: 12, 9: 42, 10: 119, 11: 247, 12: 440, 13: 805, 14: 1350, 15: 2078, 16: 2985, 17: 4120, 18: 5132, 19: 6242, 20: 7264, 21: 7895, 22: 8202, 23: 8187, 24: 7998, 25: 7221, 26: 6528, 27: 5522, 28: 4722, 29: 3630, 30: 2814, 31: 2046, 32: 1497, 33: 1007, 34: 672, 35: 483, 36: 281, 37: 192, 38: 119, 39: 43, 40: 45, 41: 30, 42: 8, 43: 5, 44: 5, 45: 1, 46: 2, 47: 1}"
100000,"{6: 2, 7: 10, 8: 29, 9: 43, 10: 104, 11: 225, 12: 451, 13: 842, 14: 1330, 15: 2101, 16: 2950, 17: 4138, 18: 4999, 19: 6155, 20: 7169, 21: 7836, 22: 8272, 23: 8429, 24: 7912, 25: 7426, 26: 6610, 27: 5437, 28: 4533, 29: 3580, 30: 2807, 31: 2166, 32: 1459, 33: 1056, 34: 690, 35: 486, 36: 312, 37: 178, 38: 109, 39: 56, 40: 50, 41: 20, 42: 16, 43: 4, 44: 3, 45: 2, 46: 3}"
100000,"{5: 2, 6: 2, 7: 8, 8: 28, 9: 47, 10: 118, 11: 257, 12: 484, 13: 782, 14: 1361, 15: 2061, 16: 3022, 17: 4134, 18: 5137, 19: 6231, 20: 7154, 21: 7949, 22: 8297, 23: 8198, 24: 7807, 25: 7252, 26: 6499, 27: 5592, 28: 4689, 29: 3582, 30: 2816, 31: 2041, 32: 1541, 33: 1028, 34: 709, 35: 472, 36: 279, 37: 160, 38: 115, 39: 63, 40: 41, 41: 19, 42: 11, 43: 6, 44: 3, 45: 2, 46: 1}"
100000,"{6: 2, 7: 5, 8: 14, 9: 52, 10: 132, 11: 219, 12: 473, 13: 815, 14: 1373, 15: 2064, 16: 2978, 17: 4042, 18: 5174, 19: 6343, 20: 7145, 21: 7846, 22: 8233, 23: 8350, 24: 7857, 25: 7301, 26: 6627, 27: 5530, 28: 4606, 29: 3637, 30: 2754, 31: 2055, 32: 1488, 33: 1019, 34: 678, 35: 442, 36: 301, 37: 186, 38: 114, 39: 70, 40: 33, 41: 18, 42: 9, 43: 7, 44: 4, 45: 1, 46: 1, 47: 2}"
100000,"{6: 2, 7: 11, 8: 25, 9: 45, 10: 113, 11: 233, 12: 455, 13: 852, 14: 1293, 15: 2112, 16: 2993, 17: 4054, 18: 5155, 19: 6393, 20: 7129, 21: 7754, 22: 8134, 23: 8327, 24: 8164, 25: 7363, 26: 6511, 27: 5505, 28: 4582, 29: 3661, 30: 2695, 31: 2076, 32: 1464, 33: 999, 34: 737, 35: 436, 36: 280, 37: 192, 38: 104, 39: 68, 40: 42, 41: 23, 42: 7, 43: 4, 44: 3, 45: 1, 46: 2, 47: 1}"
100000,"{5: 1, 7: 8, 8: 15, 9: 44, 10: 134, 11: 233, 12: 478, 13: 788, 14: 1394, 15: 2039, 16: 2986, 17: 4049, 18: 5241, 19: 6410, 20: 7253, 21: 7896, 22: 8280, 23: 8126, 24: 7829, 25: 7399, 26: 6541, 27: 5499, 28: 4529, 29: 3591, 30: 2740, 31: 2058, 32: 1534, 33: 1044, 34: 680, 35: 467, 36: 294, 37: 157, 38: 108, 39: 69, 40: 33, 41: 27, 42: 11, 43: 5, 44: 5, 45: 1, 46: 1, 47: 3}"
100000,"{5: 1, 6: 2, 7: 6, 8: 15, 9: 45, 10: 119, 11: 220, 12: 431, 13: 801, 14: 1322, 15: 2078, 16: 3047, 17: 4010, 18: 5144, 19: 6182, 20: 7323, 21: 7899, 22: 8335, 23: 8199, 24: 8054, 25: 7516, 26: 6373, 27: 5378, 28: 4704, 29: 3562, 30: 2762, 31: 2034, 32: 1448, 33: 1015, 34: 699, 35: 503, 36: 330, 37: 203, 38: 101, 39: 58, 40: 37, 41: 17, 42: 14, 43: 4, 44: 2, 45: 3, 46: 4}"
100000,"{6: 3, 7: 3, 8: 19, 9: 42, 10: 100, 11: 241, 12: 449, 13: 841, 14: 1368, 15: 2073, 16: 2941, 17: 3946, 18: 5162, 19: 6288, 20: 7135, 21: 7886, 22: 8327, 23: 8273, 24: 7937, 25: 7343, 26: 6497, 27: 5658, 28: 4565, 29: 3516, 30: 2892, 31: 2028, 32: 1486, 33: 1041, 34: 750, 35: 493, 36: 290, 37: 157, 38: 104, 39: 70, 40: 35, 41: 18, 42: 13, 43: 2, 44: 3, 45: 2, 46: 1, 47: 1, 48: 1}"
100000,"{4: 1, 5: 1, 6: 4, 7: 6, 8: 21, 9: 42, 10: 131, 11: 215, 12: 500, 13: 880, 14: 1372, 15: 2148, 16: 3001, 17: 4101, 18: 5167, 19: 6329, 20: 7129, 21: 7927, 22: 8295, 23: 8522, 24: 8073, 25: 7292, 26: 6343, 27: 5427, 28: 4427, 29: 3592, 30: 2748, 31: 2066, 32: 1366, 33: 1007, 34: 692, 35: 443, 36: 284, 37: 175, 38: 107, 39: 51, 40: 51, 41: 23, 42: 13, 43: 12, 44: 7, 45: 7, 46: 1, 48: 1}"
100000,"{6: 4, 7: 9, 8: 23, 9: 54, 10: 113, 11: 253, 12: 446, 13: 808, 14: 1355, 15: 2086, 16: 2962, 17: 4101, 18: 5028, 19: 6399, 20: 7224, 21: 7782, 22: 8376, 23: 8286, 24: 7868, 25: 7318, 26: 6471, 27: 5569, 28: 4661, 29: 3623, 30: 2753, 31: 2071, 32: 1424, 33: 1093, 34: 656, 35: 444, 36: 286, 37: 196, 38: 107, 39: 73, 40: 33, 41: 22, 42: 9, 43: 5, 44: 2, 45: 3, 46: 3, 47: 1}"
100000,"{7: 4, 8: 21, 9: 55, 10: 123, 11: 261, 12: 478, 13: 798, 14: 1278, 15: 2157, 16: 2907, 17: 4124, 18: 5240, 19: 6267, 20: 7196, 21: 7836, 22: 8207, 23: 8244, 24: 7934, 25: 7413, 26: 6547, 27: 5455, 28: 4578, 29: 3641, 30: 2854, 31: 1996, 32: 1446, 33: 1045, 34: 709, 35: 443, 36: 282, 37: 201, 38: 113, 39: 61, 40: 33, 41: 22, 42: 14, 43: 9, 44: 5, 45: 2, 46: 1}"
100000,"{7: 9, 8: 22, 9: 50, 10: 119, 11: 208, 12: 441, 13: 824, 14: 1334, 15: 2059, 16: 3038, 17: 4017, 18: 5219, 19: 6187, 20: 7169, 21: 7914, 22: 8390, 23: 8318, 24: 7928, 25: 7377, 26: 6602, 27: 5358, 28: 4555, 29: 3482, 30: 2808, 31: 2080, 32: 1511, 33: 1080, 34: 714, 35: 451, 36: 319, 37: 172, 38: 96, 39: 66, 40: 37, 41: 26, 42: 8, 43: 7, 44: 1, 46: 3, 47: 1}"
100000,"{5: 1, 6: 5, 7: 6, 8: 18, 9: 46, 10: 122, 11: 229, 12: 434, 13: 826, 14: 1321, 15: 2122, 16: 2992, 17: 4052, 18: 5110, 19: 6273, 20: 7143, 21: 7894, 22: 8251, 23: 8363, 24: 7833, 25: 7279, 26: 6487, 27: 5677, 28: 4578, 29: 3549, 30: 2813, 31: 2076, 32: 1505, 33: 1019, 34: 728, 35: 487, 36: 323, 37: 163, 38: 137, 39: 62, 40: 43, 41: 14, 42: 10, 43: 4, 44: 2, 47: 2, 48: 1}"
100000,"{5: 1, 6: 3, 7: 9, 8: 16, 9: 45, 10: 110, 11: 256, 12: 442, 13: 792, 14: 1298, 15: 2147, 16: 2958, 17: 4069, 18: 5127, 19: 6111, 20: 7242, 21: 8066, 22: 8352, 23: 8323, 24: 7936, 25: 7309, 26: 6428, 27: 5563, 28: 4484, 29: 3677, 30: 2838, 31: 2088, 32: 1487, 33: 987, 34: 690, 35: 463, 36: 268, 37: 178, 38: 86, 39: 58, 40: 50, 41: 21, 42: 10, 43: 7, 44: 4, 46: 1}"
100000,"{6: 4, 7: 8, 8: 18, 9: 46, 10: 122, 11: 245, 12: 454, 13: 835, 14: 1379, 15: 2172, 16: 2929, 17: 3976, 18: 5313, 19: 6358, 20: 7136, 21: 7932, 22: 8262, 23: 8424, 24: 7861, 25: 7291, 26: 6482, 27: 5501, 28: 4492, 29: 3564, 30: 2767, 31: 2051, 32: 1421, 33: 1084, 34: 696, 35: 474, 36: 276, 37: 182, 38: 107, 39: 61, 40: 35, 41: 23, 42: 8, 43: 2, 44: 4, 45: 1, 46: 1, 47: 2, 48: 1}"
100000,"{5: 2, 6: 2, 7: 6, 8: 24, 9: 45, 10: 98, 11: 254, 12: 466, 13: 862, 14: 1374, 15: 2147, 16: 3064, 17: 4075, 18: 5127, 19: 6239, 20: 7163, 21: 7971, 22: 8298, 23: 8217, 24: 7997, 25: 7325, 26: 6349, 27: 5424, 28: 4711, 29: 3674, 30: 2707, 31: 2027, 32: 1474, 33: 1029, 34: 704, 35: 430, 36: 280, 37: 184, 38: 107, 39: 66, 40: 30, 41: 31, 42: 9, 43: 3, 44: 4, 45: 1}"
100000,"{5: 1, 7: 15, 8: 33, 9: 52, 10: 116, 11: 237, 12: 484, 13: 818, 14: 1392, 15: 2033, 16: 3033, 17: 4021, 18: 5107, 19: 6249, 20: 7249, 21: 7943, 22: 8301, 23: 8328, 24: 7946, 25: 7401, 26: 6445, 27: 5593, 28: 4497, 29: 3558, 30: 2704, 31: 1976, 32: 1524, 33: 1074, 34: 686, 35: 448, 36: 308, 37: 176, 38: 113, 39: 59, 40: 31, 41: 19, 42: 17, 43: 4, 44: 4, 45: 3, 46: 2}"
100000,"{5: 1, 6: 3, 7: 7, 8: 19, 9: 40, 10: 93, 11: 247, 12: 458, 13: 812, 14: 1361, 15: 2140, 16: 3004, 17: 4067, 18: 5173, 19: 6158, 20: 7307, 21: 8088, 22: 8131, 23: 8217, 24: 7961, 25: 7274, 26: 6498, 27: 5519, 28: 4447, 29: 3682, 30: 2812, 31: 2034, 32: 1494, 33: 1093, 34: 710, 35: 443, 36: 296, 37: 178, 38: 93, 39: 50, 40: 41, 41: 24, 42: 14, 43: 5, 44: 5, 45: 1}"
100000,"{6: 3, 7: 8, 8: 18, 9: 41, 10: 131, 11: 267, 12: 451, 13: 828, 14: 1386, 15: 1970, 16: 2920, 17: 4077, 18: 5082, 19: 6251, 20: 7382, 21: 8071, 22: 8277, 23: 8137, 24: 8018, 25: 7228, 26: 6566, 27: 5439, 28: 4600, 29: 3700, 30: 2753, 31: 1961, 32: 1486, 33: 1029, 34: 740, 35: 434, 36: 290, 37: 192, 38: 110, 39: 58, 40: 40, 41: 25, 42: 19, 43: 7, 44: 1, 45: 2, 47: 1, 48: 1}"
100000,"{6: 7, 7: 3, 8: 20, 9: 59, 10: 123, 11: 243, 12: 484, 13: 803, 14: 1359, 15: 2050, 16: 3037, 17: 4044, 18: 5116, 19: 6286, 20: 7238, 21: 7894, 22: 8139, 23: 8356, 24: 7755, 25: 7368, 26: 6517, 27: 5562, 28: 4558, 29: 3686, 30: 2755, 31: 2036, 32: 1506, 33: 1102, 34: 746, 35: 413, 36: 283, 37: 187, 38: 108, 39: 61, 40: 45, 41: 23, 42: 15, 43: 5, 44: 3, 45: 3, 46: 2}"
100000,"{5: 1, 7: 7, 8: 16, 9: 29, 10: 96, 11: 231, 12: 472, 13: 870, 14: 1364, 15: 2021, 16: 2990, 17: 3985, 18: 5095, 19: 6290, 20: 7165, 21: 7932, 22: 8314, 23: 8337, 24: 7960, 25: 7250, 26: 6438, 27: 5584, 28: 4547, 29: 3606, 30: 2837, 31: 2096, 32: 1504, 33: 1008, 34: 719, 35: 476, 36: 295, 37: 184, 38: 120, 39: 64, 40: 43, 41: 22, 42: 15, 43: 10, 44: 5, 45: 1, 48: 1}"
100000,"{6: 1, 7: 2, 8: 21, 9: 43, 10: 114, 11: 237, 12: 471, 13: 843, 14: 1356, 15: 2121, 16: 2968, 17: 3973, 18: 5259, 19: 6140, 20: 7218, 21: 7828, 22: 8357, 23: 8257, 24: 7969, 25: 7393, 26: 6545, 27: 5563, 28: 4563, 29: 3536, 30: 2847, 31: 2074, 32: 1444, 33: 1003, 34: 693, 35: 462, 36: 279, 37: 175, 38: 104, 39: 66, 40: 34, 41: 17, 42: 9, 43: 8, 44: 4, 46: 2, 47: 1}"
100000,"{6: 1, 7: 12, 8: 19, 9: 51, 10: 102, 11: 242, 12: 490, 13: 847, 14: 1302, 15: 2117, 16: 2990, 17: 4002, 18: 5098, 19: 6320, 20: 7216, 21: 8007, 22: 8136, 23: 8141, 24: 8019, 25: 7284, 26: 6613, 27: 5593, 28: 4548, 29: 3606, 30: 2757, 31: 2015, 32: 1476, 33: 1071, 34: 672, 35: 479, 36: 314, 37: 204, 38: 122, 39: 60, 40: 32, 41: 16, 42: 10, 43: 7, 44: 7, 45: 1, 47: 1}"
100000,"{5: 1, 6: 2, 7: 6, 8: 20, 9: 45, 10: 127, 11: 244, 12: 504, 13: 818, 14: 1300, 15: 2149, 16: 3104, 17: 4092, 18: 5181, 19: 6173, 20: 7338, 21: 7729, 22: 8254, 23: 8315, 24: 8036, 25: 7176, 26: 6360, 27: 5578, 28: 4538, 29: 3669, 30: 2821, 31: 2015, 32: 1478, 33: 1056, 34: 685, 35: 480, 36: 289, 37: 182, 38: 96, 39: 61, 40: 40, 41: 22, 42: 9, 43: 1, 44: 3, 45: 2, 46: 1}"
100000,"{6: 3, 7: 8, 8: 24, 9: 55, 10: 120, 11: 242, 12: 464, 13: 846, 14: 1382, 15: 2176, 16: 3073, 17: 4107, 18: 5257, 19: 6127, 20: 7211, 21: 7812, 22: 8361, 23: 8229, 24: 7968, 25: 7075, 26: 6493, 27: 5553, 28: 4534, 29: 3720, 30: 2864, 31: 2033, 32: 1458, 33: 1000, 34: 648, 35: 457, 36: 287, 37: 172, 38: 111, 39: 55, 40: 32, 41: 17, 42: 10, 43: 11, 44: 4, 45: 1}"
100000,"{6: 4, 7: 5, 8: 24, 9: 46, 10: 122, 11: 220, 12: 478, 13: 852, 14: 1400, 15: 2060, 16: 2998, 17: 4015, 18: 5259, 19: 6244, 20: 7174, 21: 7839, 22: 8295, 23: 8242, 24: 8059, 25: 7366, 26: 6506, 27: 5435, 28: 4571, 29: 3583, 30: 2739, 31: 2104, 32: 1396, 33: 1062, 34: 705, 35: 465, 36: 277, 37: 193, 38: 136, 39: 58, 40: 29, 41: 15, 42: 7, 43: 8, 44: 5, 45: 2, 46: 2}"
100000,"{6: 2, 7: 6, 8: 25, 9: 40, 10: 122, 11: 252, 12: 459, 13: 812, 14: 1406, 15: 2077, 16: 3015, 17: 4076, 18: 5184, 19: 6358, 20: 7326, 21: 7828, 22: 8259, 23: 8285, 24: 7902, 25: 7250, 26: 6384, 27: 5577, 28: 4488, 29: 3530, 30: 2790, 31: 2059, 32: 1518, 33: 1015, 34: 752, 35: 467, 36: 302, 37: 175, 38: 112, 39: 55, 40: 43, 41: 20, 42: 18, 43: 6, 44: 4, 46: 1}"
100000,"{6: 1, 7: 6, 8: 11, 9: 37, 10: 119, 11: 248, 12: 400, 13: 831, 14: 1323, 15: 2098, 16: 2953, 17: 4091, 18: 5063, 19: 6182, 20: 7432, 21: 7856, 22: 8253, 23: 8475, 24: 7928, 25: 7216, 26: 6493, 27: 5413, 28: 4530, 29: 3669, 30: 2802, 31: 2084, 32: 1492, 33: 1072, 34: 733, 35: 422, 36: 324, 37: 190, 38: 106, 39: 76, 40: 39, 41: 16, 42: 9, 43: 3, 44: 1, 45: 3}"
100000,"{5: 2, 6: 3, 7: 4, 8: 22, 9: 58, 10: 131, 11: 262, 12: 458, 13: 821, 14: 1348, 15: 1994, 16: 2926, 17: 4093, 18: 5253, 19: 6257, 20: 7055, 21: 7911, 22: 8229, 23: 8361, 24: 7966, 25: 7432, 26: 6602, 27: 5637, 28: 4550, 29: 3523, 30: 2803, 31: 2031, 32: 1483, 33: 997, 34: 685, 35: 441, 36: 270, 37: 156, 38: 95, 39: 56, 40: 35, 41: 22, 42: 14, 43: 9, 44: 3, 46: 1, 47: 1}"
100000,"{5: 1, 6: 2, 7: 10, 8: 16, 9: 45, 10: 116, 11: 234, 12: 440, 13: 850, 14: 1307, 15: 2017, 16: 3007, 17: 4041, 18: 5141, 19: 6266, 20: 7210, 21: 7780, 22: 8209, 23: 8330, 24: 8035, 25: 7238, 26: 6476, 27: 5603, 28: 4714, 29: 3628, 30: 2793, 31: 2022, 32: 1563, 33: 1017, 34: 686, 35: 453, 36: 299, 37: 188, 38: 115, 39: 71, 40: 35, 41: 25, 42: 8, 43: 3, 44: 2, 46: 2, 47: 1, 49: 1}"
100000,"{4: 1, 6: 3, 7: 3, 8: 28, 9: 53, 10: 105, 11: 221, 12: 439, 13: 801, 14: 1362, 15: 2106, 16: 2973, 17: 4116, 18: 5120, 19: 6340, 20: 7055, 21: 7984, 22: 8222, 23: 8233, 24: 8008, 25: 7324, 26: 6432, 27: 5575, 28: 4623, 29: 3597, 30: 2833, 31: 2084, 32: 1456, 33: 1048, 34: 680, 35: 451, 36: 314, 37: 174, 38: 95, 39: 62, 40: 38, 41: 14, 42: 9, 43: 4, 44: 8, 45: 3, 47: 1, 48: 2}"
100000,"{5: 1, 6: 4, 7: 8, 8: 22, 9: 52, 10: 116, 11: 273, 12: 485, 13: 795, 14: 1349, 15: 2055, 16: 2946, 17: 4248, 18: 5214, 19: 6432, 20: 7136, 21: 7931, 22: 8172, 23: 8268, 24: 7813, 25: 7254, 26: 6496, 27: 5543, 28: 4559, 29: 3680, 30: 2791, 31: 1946, 32: 1509, 33: 1035, 34: 668, 35: 459, 36: 308, 37: 158, 38: 111, 39: 59, 40: 50, 41: 31, 42: 12, 43: 6, 44: 2, 45: 1, 47: 1, 48: 1}"
100000,"{4: 1, 7: 7, 8: 12, 9: 52, 10: 127, 11: 249, 12: 461, 13: 814, 14: 1361, 15: 2113, 16: 3011, 17: 3920, 18: 5133, 19: 6359, 20: 7229, 21: 7920, 22: 8378, 23: 8359, 24: 7970, 25: 7407, 26: 6553, 27: 5529, 28: 4425, 29: 3566, 30: 2694, 31: 2072, 32: 1473, 33: 953, 34: 693, 35: 422, 36: 282, 37: 182, 38: 106, 39: 61, 40: 53, 41: 27, 42: 11, 43: 5, 44: 5, 45: 3, 46: 2}"
100000,"{4: 1, 5: 2, 6: 1, 7: 5, 8: 13, 9: 60, 10: 105, 11: 267, 12: 446, 13: 821, 14: 1315, 15: 2055, 16: 2976, 17: 4087, 18: 5215, 19: 6380, 20: 7245, 21: 7967, 22: 8263, 23: 8340, 24: 7780, 25: 7337, 26: 6419, 27: 5549, 28: 4505, 29: 3535, 30: 2768, 31: 2067, 32: 1532, 33: 1007, 34: 719, 35: 467, 36: 275, 37: 205, 38: 119, 39: 74, 40: 33, 41: 22, 42: 9, 43: 5, 44: 5, 45: 2, 46: 2}"
100000,"{6: 1, 7: 4, 8: 17, 9: 42, 10: 107, 11: 234, 12: 454, 13: 811, 14: 1355, 15: 2076, 16: 2909, 17: 4006, 18: 5035, 19: 6288, 20: 7197, 21: 7915, 22: 8222, 23: 8281, 24: 7987, 25: 7385, 26: 6532, 27: 5634, 28: 4502, 29: 3719, 30: 2785, 31: 2034, 32: 1533, 33: 1063, 34: 705, 35: 464, 36: 292, 37: 182, 38: 95, 39: 71, 40: 26, 41: 13, 42: 12, 43: 7, 44: 3, 47: 1, 48: 1}"
100000,"{5: 2, 6: 1, 7: 1, 8: 22, 9: 56, 10: 114, 11: 255, 12: 458, 13: 811, 14: 1382, 15: 2099, 16: 2981, 17: 4129, 18: 5159, 19: 6304, 20: 7119, 21: 7843, 22: 8138, 23: 8346, 24: 8014, 25: 7285, 26: 6482, 27: 5661, 28: 4479, 29: 3718, 30: 2793, 31: 2011, 32: 1445, 33: 994, 34: 709, 35: 444, 36: 317, 37: 171, 38: 113, 39: 59, 40: 36, 41: 28, 42: 8, 43: 8, 45: 4, 47: 1}"
100000,"{4: 1, 7: 8, 8: 19, 9: 55, 10: 106, 11: 243, 12: 443, 13: 822, 14: 1401, 15: 2082, 16: 2978, 17: 4094, 18: 5167, 19: 6324, 20: 7191, 21: 7969, 22: 8373, 23: 8467, 24: 7802, 25: 7367, 26: 6379, 27: 5569, 28: 4590, 29: 3515, 30: 2711, 31: 2039, 32: 1465, 33: 985, 34: 695, 35: 437, 36: 280, 37: 178, 38: 106, 39: 68, 40: 34, 41: 18, 42: 5, 43: 6, 44: 2, 45: 5, 47: 1}"
100000,"{6: 2, 7: 4, 8: 24, 9: 46, 10: 124, 11: 243, 12: 458, 13: 790, 14: 1435, 15: 2129, 16: 3038, 17: 3993, 18: 5100, 19: 6313, 20: 7228, 21: 8100, 22: 8325, 23: 8244, 24: 7802, 25: 7321, 26: 6487, 27: 5517, 28: 4451, 29: 3603, 30: 2734, 31: 2038, 32: 1474, 33: 1060, 34: 732, 35: 429, 36: 297, 37: 186, 38: 124, 39: 67, 40: 38, 41: 20, 42: 15, 43: 3, 44: 4, 45: 1, 47: 1}"
100000,"{6: 4, 7: 5, 8: 23, 9: 55, 10: 106, 11: 239, 12: 460, 13: 818, 14: 1434, 15: 2021, 16: 2966, 17: 3946, 18: 5119, 19: 6197, 20: 7385, 21: 8031, 22: 8314, 23: 8196, 24: 8022, 25: 7231, 26: 6482, 27: 5488, 28: 4576, 29: 3651, 30: 2747, 31: 2074, 32: 1465, 33: 1031, 34: 708, 35: 468, 36: 316, 37: 194, 38: 96, 39: 58, 40: 38, 41: 19, 42: 6, 43: 6, 44: 3, 46: 1, 48: 1}"
100000,"{6: 3, 7: 6, 8: 20, 9: 55, 10: 124, 11: 234, 12: 473, 13: 778, 14: 1312, 15: 2089, 16: 2907, 17: 4006, 18: 5269, 19: 6285, 20: 7220, 21: 7844, 22: 8303, 23: 8469, 24: 7964, 25: 7356, 26: 6315, 27: 5586, 28: 4567, 29: 3633, 30: 2769, 31: 1959, 32: 1477, 33: 1069, 34: 715, 35: 461, 36: 304, 37: 180, 38: 120, 39: 66, 40: 32, 41: 14, 42: 8, 43: 3, 44: 1, 45: 1, 48: 1, 49: 2}"
100000,"{5: 2, 6: 6, 7: 5, 8: 21, 9: 47, 10: 111, 11: 237, 12: 459, 13: 825, 14: 1354, 15: 2033, 16: 3006, 17: 4048, 18: 5178, 19: 6432, 20: 7139, 21: 7897, 22: 8297, 23: 8257, 24: 7883, 25: 7391, 26: 6569, 27: 5487, 28: 4513, 29: 3670, 30: 2736, 31: 2023, 32: 1463, 33: 1030, 34: 728, 35: 441, 36: 298, 37: 174, 38: 104, 39: 56, 40: 35, 41: 20, 42: 10, 43: 7, 44: 5, 45: 2, 48: 1}"
100000,"{6: 1, 7: 5, 8: 25, 9: 46, 10: 111, 11: 256, 12: 426, 13: 739, 14: 1336, 15: 2060, 16: 3024, 17: 4019, 18: 5208, 19: 6247, 20: 7328, 21: 7691, 22: 8305, 23: 8376, 24: 8063, 25: 7625, 26: 6402, 27: 5436, 28: 4471, 29: 3573, 30: 2766, 31: 2045, 32: 1513, 33: 1035, 34: 691, 35: 466, 36: 277, 37: 182, 38: 109, 39: 55, 40: 37, 41: 21, 42: 18, 43: 6, 44: 3, 45: 1, 46: 1, 48: 1}"
100000,"{4: 1, 7: 4, 8: 21, 9: 58, 10: 119, 11: 255, 12: 468, 13: 820, 14: 1339, 15: 2197, 16: 2953, 17: 4157, 18: 5138, 19: 6224, 20: 7191, 21: 7938, 22: 8309, 23: 8231, 24: 7902, 25: 7173, 26: 6490, 27: 5340, 28: 4599, 29: 3622, 30: 2847, 31: 2160, 32: 1513, 33: 1049, 34: 689, 35: 466, 36: 291, 37: 175, 38: 106, 39: 68, 40: 44, 41: 18, 42: 10, 43: 8, 44: 2, 45: 1, 46: 1, 47: 2, 48: 1}"
100000,"{6: 1, 7: 8, 8: 18, 9: 38, 10: 114, 11: 250, 12: 450, 13: 837, 14: 1318, 15: 2079, 16: 2990, 17: 4164, 18: 5171, 19: 6254, 20: 6997, 21: 7891, 22: 8327, 23: 8237, 24: 7784, 25: 7321, 26: 6535, 27: 5652, 28: 4482, 29: 3696, 30: 2762, 31: 2128, 32: 1480, 33: 1080, 34: 712, 35: 438, 36: 303, 37: 207, 38: 128, 39: 66, 40: 35, 41: 25, 42: 9, 43: 10, 44: 2, 45: 1}"
100000,"{4: 1, 6: 2, 7: 11, 8: 24, 9: 46, 10: 121, 11: 239, 12: 501, 13: 808, 14: 1362, 15: 2100, 16: 2949, 17: 4063, 18: 5156, 19: 6331, 20: 7261, 21: 7792, 22: 8275, 23: 8475, 24: 8011, 25: 7214, 26: 6518, 27: 5396, 28: 4598, 29: 3599, 30: 2727, 31: 2055, 32: 1402, 33: 1018, 34: 705, 35: 487, 36: 293, 37: 190, 38: 108, 39: 73, 40: 50, 41: 14, 42: 12, 43: 9, 44: 1, 45: 2, 46: 1}"
100000,"{4: 1, 5: 1, 6: 8, 7: 6, 8: 26, 9: 55, 10: 108, 11: 238, 12: 445, 13: 811, 14: 1320, 15: 2079, 16: 2971, 17: 4048, 18: 5219, 19: 6224, 20: 7050, 21: 7951, 22: 8163, 23: 8400, 24: 8026, 25: 7422, 26: 6488, 27: 5494, 28: 4597, 29: 3648, 30: 2791, 31: 2008, 32: 1490, 33: 1030, 34: 722, 35: 487, 36: 269, 37: 178, 38: 95, 39: 57, 40: 29, 41: 20, 42: 13, 43: 6, 44: 2, 45: 2, 46: 1, 47: 1}"
100000,"{6: 3, 7: 13, 8: 24, 9: 43, 10: 112, 11: 233, 12: 456, 13: 828, 14: 1323, 15: 2126, 16: 2931, 17: 4066, 18: 5192, 19: 6174, 20: 7351, 21: 8017, 22: 8261, 23: 8402, 24: 7975, 25: 7283, 26: 6402, 27: 5395, 28: 4547, 29: 3624, 30: 2787, 31: 2044, 32: 1458, 33: 1059, 34: 712, 35: 476, 36: 269, 37: 169, 38: 122, 39: 62, 40: 24, 41: 19, 42: 7, 43: 5, 44: 3, 45: 1, 46: 1, 47: 1}"
100000,"{6: 5, 7: 6, 8: 22, 9: 47, 10: 114, 11: 254, 12: 461, 13: 777, 14: 1351, 15: 2001, 16: 2953, 17: 4008, 18: 5192, 19: 6292, 20: 7111, 21: 7885, 22: 8295, 23: 8312, 24: 7985, 25: 7298, 26: 6427, 27: 5765, 28: 4515, 29: 3670, 30: 2682, 31: 2115, 32: 1513, 33: 1024, 34: 686, 35: 436, 36: 332, 37: 179, 38: 118, 39: 77, 40: 38, 41: 25, 42: 14, 43: 5, 44: 4, 45: 2, 46: 2, 47: 2}"
100000,"{5: 1, 6: 2, 7: 7, 8: 17, 9: 53, 10: 108, 11: 271, 12: 480, 13: 843, 14: 1326, 15: 2113, 16: 2909, 17: 4163, 18: 5366, 19: 6245, 20: 7320, 21: 7818, 22: 8263, 23: 8157, 24: 7965, 25: 7286, 26: 6575, 27: 5604, 28: 4376, 29: 3519, 30: 2745, 31: 2096, 32: 1458, 33: 1030, 34: 688, 35: 442, 36: 313, 37: 191, 38: 95, 39: 71, 40: 40, 41: 20, 42: 16, 43: 2, 44: 2, 45: 1, 47: 3}"
100000,"{7: 12, 8: 18, 9: 60, 10: 118, 11: 267, 12: 503, 13: 853, 14: 1348, 15: 2045, 16: 2941, 17: 4105, 18: 5124, 19: 6203, 20: 7193, 21: 7907, 22: 8372, 23: 8539, 24: 7967, 25: 7275, 26: 6313, 27: 5500, 28: 4552, 29: 3591, 30: 2722, 31: 2049, 32: 1491, 33: 1044, 34: 700, 35: 476, 36: 283, 37: 174, 38: 100, 39: 75, 40: 34, 41: 16, 42: 12, 43: 8, 44: 7, 45: 1, 46: 2}"
100000,"{7: 6, 8: 20, 9: 45, 10: 129, 11: 227, 12: 470, 13: 814, 14: 1358, 15: 2081, 16: 2952, 17: 4044, 18: 5277, 19: 6257, 20: 7306, 21: 7943, 22: 8291, 23: 8312, 24: 8012, 25: 7263, 26: 6353, 27: 5509, 28: 4498, 29: 3615, 30: 2723, 31: 2149, 32: 1463, 33: 954, 34: 738, 35: 454, 36: 270, 37: 199, 38: 107, 39: 62, 40: 42, 41: 26, 42: 18, 43: 8, 44: 3, 45: 2}"
100000,"{5: 1, 6: 2, 7: 9, 8: 18, 9: 52, 10: 99, 11: 241, 12: 465, 13: 778, 14: 1346, 15: 2121, 16: 3010, 17: 4019, 18: 5262, 19: 6285, 20: 7207, 21: 7897, 22: 8297, 23: 8238, 24: 7861, 25: 7407, 26: 6508, 27: 5535, 28: 4609, 29: 3635, 30: 2718, 31: 2054, 32: 1475, 33: 1014, 34: 718, 35: 440, 36: 283, 37: 179, 38: 85, 39: 55, 40: 34, 41: 22, 42: 10, 43: 3, 44: 3, 45: 1, 46: 3, 48: 1}"
100000,"{5: 1, 6: 2, 7: 7, 8: 24, 9: 38, 10: 122, 11: 223, 12: 446, 13: 791, 14: 1331, 15: 2033, 16: 3005, 17: 3973, 18: 4933, 19: 6246, 20: 7171, 21: 7817, 22: 8409, 23: 8330, 24: 7995, 25: 7389, 26: 6570, 27: 5606, 28: 4589, 29: 3615, 30: 2798, 31: 2142, 32: 1503, 33: 1009, 34: 700, 35: 440, 36: 283, 37: 201, 38: 121, 39: 59, 40: 32, 41: 18, 42: 15, 43: 8, 44: 3, 46: 1, 48: 1}"
100000,"{4: 1, 5: 1, 6: 1, 7: 3, 8: 16, 9: 53, 10: 119, 11: 251, 12: 493, 13: 868, 14: 1417, 15: 2041, 16: 2907, 17: 4100, 18: 5116, 19: 6353, 20: 7219, 21: 7932, 22: 8237, 23: 8418, 24: 7912, 25: 7350, 26: 6413, 27: 5467, 28: 4467, 29: 3648, 30: 2789, 31: 2054, 32: 1380, 33: 1091, 34: 662, 35: 488, 36: 317, 37: 169, 38: 102, 39: 56, 40: 44, 41: 19, 42: 12, 43: 9, 44: 3, 46: 1, 47: 1}"
100000,"{5: 1, 6: 1, 7: 5, 8: 25, 9: 55, 10: 99, 11: 244, 12: 468, 13: 852, 14: 1416, 15: 2060, 16: 2990, 17: 4042, 18: 5136, 19: 6197, 20: 7270, 21: 7890, 22: 8371, 23: 8317, 24: 7839, 25: 7372, 26: 6466, 27: 5607, 28: 4601, 29: 3595, 30: 2830, 31: 2008, 32: 1446, 33: 983, 34: 653, 35: 446, 36: 258, 37: 188, 38: 118, 39: 64, 40: 41, 41: 19, 42: 12, 43: 9, 44: 1, 45: 3, 46: 1, 51: 1}"
100000,"{7: 15, 8: 22, 9: 46, 10: 96, 11: 238, 12: 452, 13: 829, 14: 1355, 15: 2006, 16: 2952, 17: 4115, 18: 5128, 19: 6086, 20: 7315, 21: 7958, 22: 8193, 23: 8322, 24: 7986, 25: 7233, 26: 6491, 27: 5593, 28: 4445, 29: 3665, 30: 2718, 31: 2128, 32: 1533, 33: 1105, 34: 749, 35: 458, 36: 285, 37: 195, 38: 125, 39: 68, 40: 37, 41: 30, 42: 13, 43: 2, 44: 7, 45: 2, 46: 4}"
100000,"{6: 4, 7: 8, 8: 22, 9: 50, 10: 114, 11: 227, 12: 470, 13: 770, 14: 1340, 15: 2103, 16: 3075, 17: 4007, 18: 5035, 19: 6392, 20: 7218, 21: 7880, 22: 8295, 23: 8272, 24: 7999, 25: 7326, 26: 6522, 27: 5595, 28: 4393, 29: 3610, 30: 2805, 31: 2028, 32: 1430, 33: 1049, 34: 720, 35: 472, 36: 290, 37: 190, 38: 131, 39: 69, 40: 45, 41: 22, 42: 11, 43: 5, 44: 2, 45: 3, 46: 1}"
100000,"{6: 3, 7: 8, 8: 25, 9: 59, 10: 118, 11: 233, 12: 467, 13: 849, 14: 1356, 15: 2111, 16: 3061, 17: 4040, 18: 5117, 19: 6280, 20: 7194, 21: 7824, 22: 8172, 23: 8191, 24: 7913, 25: 7380, 26: 6487, 27: 5563, 28: 4529, 29: 3547, 30: 2839, 31: 2112, 32: 1487, 33: 1067, 34: 738, 35: 476, 36: 265, 37: 198, 38: 117, 39: 74, 40: 50, 41: 19, 42: 16, 43: 12, 44: 1, 46: 1, 47: 1}"
100000,"{5: 2, 6: 3, 7: 9, 8: 27, 9: 48, 10: 120, 11: 243, 12: 429, 13: 778, 14: 1337, 15: 2048, 16: 2877, 17: 4074, 18: 5173, 19: 6297, 20: 7303, 21: 8077, 22: 8218, 23: 8241, 24: 7883, 25: 7260, 26: 6542, 27: 5536, 28: 4561, 29: 3591, 30: 2738, 31: 2120, 32: 1528, 33: 1033, 34: 684, 35: 454, 36: 321, 37: 194, 38: 94, 39: 65, 40: 44, 41: 16, 42: 17, 43: 4, 44: 7, 45: 1, 47: 2, 49: 1}"
100000,"{5: 1, 6: 2, 7: 11, 8: 26, 9: 30, 10: 114, 11: 254, 12: 463, 13: 808, 14: 1314, 15: 2128, 16: 2973, 17: 3910, 18: 5055, 19: 6312, 20: 7236, 21: 7887, 22: 8310, 23: 8266, 24: 7919, 25: 7372, 26: 6599, 27: 5707, 28: 4492, 29: 3520, 30: 2798, 31: 2106, 32: 1436, 33: 1015, 34: 715, 35: 477, 36: 296, 37: 165, 38: 117, 39: 82, 40: 41, 41: 24, 42: 11, 43: 3, 44: 4, 46: 1}"
100000,"{5: 1, 6: 1, 7: 7, 8: 24, 9: 45, 10: 110, 11: 226, 12: 475, 13: 821, 14: 1373, 15: 2131, 16: 2947, 17: 4022, 18: 5317, 19: 6319, 20: 7124, 21: 7947, 22: 8252, 23: 8316, 24: 7959, 25: 7549, 26: 6496, 27: 5239, 28: 4562, 29: 3662, 30: 2709, 31: 2075, 32: 1440, 33: 989, 34: 708, 35: 410, 36: 282, 37: 188, 38: 118, 39: 65, 40: 33, 41: 27, 42: 15, 43: 6, 44: 4, 45: 2, 46: 3, 47: 1}"
100000,"{5: 2, 7: 5, 8: 23, 9: 41, 10: 137, 11: 248, 12: 451, 13: 780, 14: 1395, 15: 2051, 16: 3104, 17: 4075, 18: 5159, 19: 6161, 20: 7445, 21: 8029, 22: 8303, 23: 8333, 24: 7876, 25: 7174, 26: 6431, 27: 5531, 28: 4546, 29: 3581, 30: 2732, 31: 2029, 32: 1442, 33: 1015, 34: 691, 35: 433, 36: 305, 37: 189, 38: 123, 39: 62, 40: 48, 41: 24, 42: 9, 43: 9, 44: 5, 45: 2, 50: 1}"
100000,"{6: 1, 7: 11, 8: 19, 9: 50, 10: 116, 11: 262, 12: 460, 13: 866, 14: 1319, 15: 2004, 16: 2997, 17: 4025, 18: 5204, 19: 6080, 20: 7302, 21: 7949, 22: 8149, 23: 8490, 24: 7931, 25: 7245, 26: 6453, 27: 5490, 28: 4488, 29: 3676, 30: 2729, 31: 2103, 32: 1560, 33: 1106, 34: 744, 35: 435, 36: 294, 37: 174, 38: 113, 39: 61, 40: 41, 41: 25, 42: 15, 43: 5, 44: 4, 45: 1, 46: 2, 48: 1}"
100000,"{4: 1, 6: 1, 7: 7, 8: 13, 9: 42, 10: 112, 11: 260, 12: 449, 13: 840, 14: 1426, 15: 2043, 16: 3036, 17: 3956, 18: 5189, 19: 6188, 20: 7273, 21: 7919, 22: 8414, 23: 8298, 24: 7867, 25: 7335, 26: 6500, 27: 5459, 28: 4490, 29: 3653, 30: 2767, 31: 2059, 32: 1485, 33: 1063, 34: 702, 35: 439, 36: 292, 37: 181, 38: 114, 39: 51, 40: 37, 41: 17, 42: 9, 43: 8, 44: 4, 46: 1}"
100000,"{5: 1, 6: 3, 7: 11, 8: 22, 9: 50, 10: 87, 11: 244, 12: 429, 13: 778, 14: 1421, 15: 2027, 16: 2995, 17: 4024, 18: 5243, 19: 6057, 20: 7175, 21: 8084, 22: 8315, 23: 8291, 24: 7889, 25: 7498, 26: 6600, 27: 5382, 28: 4663, 29: 3627, 30: 2811, 31: 2012, 32: 1442, 33: 996, 34: 683, 35: 455, 36: 272, 37: 166, 38: 117, 39: 62, 40: 32, 41: 19, 42: 5, 43: 9, 44: 2, 47: 1}"
100000,"{5: 2, 6: 2, 7: 5, 8: 25, 9: 38, 10: 128, 11: 253, 12: 503, 13: 888, 14: 1298, 15: 2123, 16: 2971, 17: 3947, 18: 5266, 19: 6175, 20: 7271, 21: 7835, 22: 8381, 23: 8184, 24: 7942, 25: 7356, 26: 6569, 27: 5564, 28: 4511, 29: 3622, 30: 2754, 31: 2044, 32: 1494, 33: 984, 34: 698, 35: 461, 36: 297, 37: 173, 38: 96, 39: 57, 40: 42, 41: 13, 42: 15, 43: 7, 44: 3, 45: 1, 46: 2}"
100000,"{6: 1, 7: 5, 8: 24, 9: 45, 10: 120, 11: 236, 12: 448, 13: 823, 14: 1296, 15: 2078, 16: 2985, 17: 4033, 18: 5117, 19: 6379, 20: 7237, 21: 8008, 22: 8319, 23: 8394, 24: 7845, 25: 7414, 26: 6380, 27: 5572, 28: 4520, 29: 3545, 30: 2756, 31: 2001, 32: 1475, 33: 1037, 34: 697, 35: 466, 36: 325, 37: 169, 38: 118, 39: 52, 40: 41, 41: 19, 42: 10, 43: 4, 44: 4, 45: 2}"
100000,"{5: 1, 7: 7, 8: 22, 9: 48, 10: 130, 11: 254, 12: 457, 13: 770, 14: 1373, 15: 2113, 16: 3096, 17: 4024, 18: 5157, 19: 6320, 20: 7304, 21: 7982, 22: 8282, 23: 8106, 24: 7985, 25: 7420, 26: 6437, 27: 5530, 28: 4428, 29: 3567, 30: 2684, 31: 2103, 32: 1446, 33: 1051, 34: 696, 35: 463, 36: 308, 37: 191, 38: 96, 39: 64, 40: 46, 41: 21, 42: 10, 43: 4, 44: 2, 45: 1, 46: 1}"
100000,"{3: 1, 5: 1, 6: 1, 7: 7, 8: 21, 9: 47, 10: 119, 11: 283, 12: 441, 13: 861, 14: 1434, 15: 2072, 16: 2994, 17: 3984, 18: 5218, 19: 6305, 20: 7268, 21: 7899, 22: 8211, 23: 8441, 24: 7949, 25: 7400, 26: 6521, 27: 5473, 28: 4373, 29: 3521, 30: 2743, 31: 2036, 32: 1425, 33: 1067, 34: 690, 35: 422, 36: 297, 37: 180, 38: 128, 39: 78, 40: 38, 41: 24, 42: 13, 43: 9, 44: 3, 46: 1, 49: 1}"
100000,"{5: 2, 6: 2, 7: 11, 8: 20, 9: 52, 10: 109, 11: 250, 12: 435, 13: 821, 14: 1285, 15: 2091, 16: 2963, 17: 4008, 18: 5189, 19: 6217, 20: 7260, 21: 7938, 22: 8436, 23: 8322, 24: 7907, 25: 7314, 26: 6474, 27: 5570, 28: 4542, 29: 3599, 30: 2824, 31: 2043, 32: 1472, 33: 993, 34: 645, 35: 441, 36: 315, 37: 186, 38: 119, 39: 58, 40: 33, 41: 22, 42: 18, 43: 7, 44: 2, 45: 5}"
100000,"{7: 4, 8: 16, 9: 46, 10: 111, 11: 238, 12: 488, 13: 788, 14: 1409, 15: 2088, 16: 2906, 17: 4028, 18: 5099, 19: 6288, 20: 7176, 21: 8018, 22: 8371, 23: 8333, 24: 7907, 25: 7263, 26: 6475, 27: 5659, 28: 4552, 29: 3509, 30: 2790, 31: 2066, 32: 1478, 33: 1022, 34: 668, 35: 436, 36: 320, 37: 198, 38: 103, 39: 61, 40: 34, 41: 21, 42: 14, 43: 11, 44: 4, 45: 1, 46: 1}"
100000,"{6: 1, 7: 9, 8: 11, 9: 46, 10: 108, 11: 227, 12: 492, 13: 816, 14: 1299, 15: 2009, 16: 2997, 17: 4043, 18: 5137, 19: 6413, 20: 7184, 21: 8003, 22: 8205, 23: 8370, 24: 8069, 25: 7182, 26: 6456, 27: 5556, 28: 4542, 29: 3577, 30: 2731, 31: 2000, 32: 1516, 33: 1024, 34: 727, 35: 476, 36: 294, 37: 198, 38: 120, 39: 75, 40: 43, 41: 23, 42: 12, 43: 4, 44: 4, 45: 1}"
100000,"{3: 1, 5: 2, 6: 3, 7: 6, 8: 29, 9: 55, 10: 129, 11: 253, 12: 466, 13: 835, 14: 1357, 15: 2156, 16: 3009, 17: 4048, 18: 5141, 19: 6292, 20: 7216, 21: 7903, 22: 8360, 23: 8368, 24: 7957, 25: 7344, 26: 6425, 27: 5546, 28: 4479, 29: 3550, 30: 2797, 31: 2020, 32: 1432, 33: 953, 34: 677, 35: 456, 36: 300, 37: 169, 38: 107, 39: 67, 40: 37, 41: 25, 42: 17, 43: 8, 44: 4, 45: 1}"
100000,"{6: 2, 7: 10, 8: 19, 9: 59, 10: 126, 11: 271, 12: 472, 13: 852, 14: 1332, 15: 2097, 16: 2976, 17: 4025, 18: 5210, 19: 6205, 20: 7211, 21: 8129, 22: 8262, 23: 8277, 24: 7998, 25: 7290, 26: 6579, 27: 5495, 28: 4496, 29: 3670, 30: 2628, 31: 2070, 32: 1432, 33: 931, 34: 659, 35: 467, 36: 280, 37: 188, 38: 117, 39: 73, 40: 45, 41: 25, 42: 9, 43: 5, 44: 5, 45: 2, 47: 1}"
100000,"{6: 4, 7: 10, 8: 15, 9: 41, 10: 107, 11: 248, 12: 443, 13: 828, 14: 1369, 15: 2078, 16: 3022, 17: 4070, 18: 5133, 19: 6220, 20: 7160, 21: 8079, 22: 8380, 23: 8342, 24: 7852, 25: 7239, 26: 6496, 27: 5526, 28: 4573, 29: 3622, 30: 2702, 31: 2008, 32: 1494, 33: 1024, 34: 687, 35: 474, 36: 300, 37: 192, 38: 113, 39: 68, 40: 31, 41: 25, 42: 17, 43: 5, 44: 2, 45: 1}"
100000,"{4: 1, 6: 1, 7: 2, 8: 20, 9: 50, 10: 122, 11: 236, 12: 469, 13: 818, 14: 1366, 15: 2020, 16: 2990, 17: 4004, 18: 5220, 19: 6278, 20: 7266, 21: 7906, 22: 8240, 23: 8201, 24: 7994, 25: 7338, 26: 6489, 27: 5534, 28: 4523, 29: 3612, 30: 2815, 31: 2053, 32: 1501, 33: 1051, 34: 711, 35: 462, 36: 283, 37: 168, 38: 101, 39: 63, 40: 42, 41: 27, 42: 10, 43: 4, 44: 4, 45: 2, 46: 2, 47: 1}"
100000,"{5: 1, 6: 4, 7: 9, 8: 19, 9: 53, 10: 121, 11: 237, 12: 509, 13: 777, 14: 1334, 15: 2056, 16: 2895, 17: 3904, 18: 5345, 19: 6198, 20: 7202, 21: 7768, 22: 8363, 23: 8255, 24: 8052, 25: 7331, 26: 6489, 27: 5526, 28: 4614, 29: 3695, 30: 2798, 31: 2023, 32: 1454, 33: 1035, 34: 710, 35: 462, 36: 292, 37: 181, 38: 136, 39: 68, 40: 39, 41: 29, 42: 8, 43: 3, 44: 2, 45: 1, 46: 2}"
100000,"{7: 5, 8: 13, 9: 45, 10: 114, 11: 259, 12: 446, 13: 831, 14: 1384, 15: 2113, 16: 2917, 17: 4046, 18: 5125, 19: 6332, 20: 7176, 21: 7863, 22: 8144, 23: 8509, 24: 7959, 25: 7245, 26: 6509, 27: 5426, 28: 4590, 29: 3730, 30: 2742, 31: 2123, 32: 1444, 33: 1014, 34: 721, 35: 470, 36: 288, 37: 166, 38: 103, 39: 57, 40: 41, 41: 15, 42: 14, 43: 9, 44: 7, 45: 2, 46: 1, 47: 2}"
100000,"{6: 3, 7: 7, 8: 16, 9: 62, 10: 122, 11: 249, 12: 432, 13: 771, 14: 1330, 15: 2018, 16: 2950, 17: 4077, 18: 5073, 19: 6264, 20: 7327, 21: 7939, 22: 8172, 23: 8385, 24: 8046, 25: 7291, 26: 6521, 27: 5499, 28: 4517, 29: 3622, 30: 2779, 31: 2104, 32: 1468, 33: 1047, 34: 692, 35: 477, 36: 274, 37: 209, 38: 105, 39: 69, 40: 31, 41: 22, 42: 17, 43: 6, 44: 2, 45: 3, 46: 1, 47: 1}"
100000,"{6: 1, 7: 6, 8: 26, 9: 42, 10: 101, 11: 242, 12: 464, 13: 808, 14: 1396, 15: 2103, 16: 3016, 17: 4004, 18: 4973, 19: 6211, 20: 7091, 21: 7873, 22: 8194, 23: 8360, 24: 7881, 25: 7386, 26: 6623, 27: 5448, 28: 4693, 29: 3670, 30: 2840, 31: 2114, 32: 1417, 33: 1048, 34: 715, 35: 446, 36: 334, 37: 199, 38: 114, 39: 84, 40: 38, 41: 18, 42: 11, 43: 6, 44: 2, 45: 2}"
100000,"{6: 2, 7: 13, 8: 24, 9: 50, 10: 122, 11: 234, 12: 462, 13: 861, 14: 1362, 15: 2073, 16: 2999, 17: 4000, 18: 5204, 19: 6374, 20: 7023, 21: 7913, 22: 8265, 23: 8467, 24: 7873, 25: 7347, 26: 6515, 27: 5587, 28: 4483, 29: 3453, 30: 2740, 31: 2085, 32: 1465, 33: 1063, 34: 732, 35: 472, 36: 289, 37: 182, 38: 114, 39: 70, 40: 34, 41: 20, 42: 11, 43: 7, 44: 7, 46: 2, 47: 1}"
100000,"{6: 1, 7: 7, 8: 24, 9: 48, 10: 126, 11: 257, 12: 498, 13: 823, 14: 1345, 15: 2065, 16: 2949, 17: 4079, 18: 5045, 19: 6284, 20: 7249, 21: 7950, 22: 8384, 23: 8232, 24: 7875, 25: 7200, 26: 6551, 27: 5618, 28: 4348, 29: 3668, 30: 2839, 31: 2054, 32: 1570, 33: 1005, 34: 671, 35: 471, 36: 308, 37: 179, 38: 119, 39: 89, 40: 29, 41: 21, 42: 12, 43: 3, 44: 2, 46: 1, 49: 1}"
100000,"{4: 1, 6: 4, 7: 4, 8: 11, 9: 48, 10: 131, 11: 260, 12: 448, 13: 813, 14: 1317, 15: 2042, 16: 2981, 17: 4017, 18: 5116, 19: 6260, 20: 7111, 21: 7923, 22: 8301, 23: 8282, 24: 7970, 25: 7332, 26: 6629, 27: 5506, 28: 4591, 29: 3580, 30: 2754, 31: 2026, 32: 1556, 33: 1102, 34: 691, 35: 451, 36: 291, 37: 211, 38: 91, 39: 67, 40: 42, 41: 20, 42: 10, 43: 5, 44: 2, 45: 2, 49: 1}"
100000,"{6: 1, 7: 9, 8: 25, 9: 51, 10: 113, 11: 227, 12: 493, 13: 840, 14: 1346, 15: 2085, 16: 2952, 17: 4053, 18: 5183, 19: 6310, 20: 7073, 21: 7959, 22: 8201, 23: 8210, 24: 7833, 25: 7337, 26: 6629, 27: 5551, 28: 4570, 29: 3543, 30: 2784, 31: 2040, 32: 1552, 33: 1104, 34: 707, 35: 459, 36: 294, 37: 174, 38: 130, 39: 76, 40: 47, 41: 24, 42: 6, 43: 7, 44: 1, 45: 1}"
100000,"{5: 1, 6: 2, 7: 10, 8: 22, 9: 51, 10: 121, 11: 221, 12: 472, 13: 794, 14: 1344, 15: 2065, 16: 2923, 17: 4141, 18: 5190, 19: 6144, 20: 7181, 21: 7900, 22: 8366, 23: 8222, 24: 7949, 25: 7368, 26: 6489, 27: 5617, 28: 4578, 29: 3589, 30: 2737, 31: 2077, 32: 1467, 33: 1067, 34: 723, 35: 428, 36: 316, 37: 181, 38: 103, 39: 60, 40: 35, 41: 23, 42: 10, 43: 6, 44: 2, 45: 3, 46: 1, 48: 1}"
100000,"{7: 5, 8: 12, 9: 45, 10: 95, 11: 235, 12: 466, 13: 814, 14: 1270, 15: 2025, 16: 3067, 17: 3996, 18: 5245, 19: 6262, 20: 7336, 21: 7937, 22: 8303, 23: 8409, 24: 7853, 25: 7338, 26: 6389, 27: 5495, 28: 4607, 29: 3548, 30: 2821, 31: 1998, 32: 1514, 33: 1034, 34: 682, 35: 456, 36: 293, 37: 191, 38: 118, 39: 65, 40: 34, 41: 22, 42: 10, 43: 3, 44: 6, 48: 1}"
100000,"{4: 1, 6: 2, 7: 5, 8: 15, 9: 57, 10: 135, 11: 238, 12: 460, 13: 857, 14: 1375, 15: 2091, 16: 2953, 17: 4144, 18: 5358, 19: 6268, 20: 7333, 21: 7815, 22: 8161, 23: 8335, 24: 7945, 25: 7296, 26: 6526, 27: 5472, 28: 4433, 29: 3534, 30: 2754, 31: 2063, 32: 1482, 33: 1008, 34: 708, 35: 464, 36: 289, 37: 178, 38: 108, 39: 65, 40: 27, 41: 23, 42: 8, 43: 7, 44: 3, 45: 2, 46: 1, 48: 1}"
100000,"{4: 1, 5: 3, 6: 1, 7: 8, 8: 17, 9: 56, 10: 110, 11: 240, 12: 442, 13: 771, 14: 1336, 15: 2034, 16: 2961, 17: 3976, 18: 5130, 19: 6208, 20: 7287, 21: 7896, 22: 8316, 23: 8303, 24: 7958, 25: 7383, 26: 6409, 27: 5664, 28: 4496, 29: 3533, 30: 2771, 31: 2166, 32: 1490, 33: 1110, 34: 745, 35: 443, 36: 283, 37: 189, 38: 105, 39: 65, 40: 46, 41: 24, 42: 9, 43: 9, 44: 2, 46: 3, 47: 1}"
100000,"{7: 6, 8: 21, 9: 62, 10: 98, 11: 275, 12: 466, 13: 861, 14: 1364, 15: 2110, 16: 2949, 17: 3975, 18: 5274, 19: 6235, 20: 7090, 21: 7957, 22: 8280, 23: 8129, 24: 8039, 25: 7315, 26: 6522, 27: 5453, 28: 4573, 29: 3593, 30: 2791, 31: 2116, 32: 1411, 33: 1099, 34: 726, 35: 454, 36: 308, 37: 184, 38: 106, 39: 71, 40: 37, 41: 28, 42: 13, 43: 5, 44: 2, 46: 1, 48: 1}"
100000,"{6: 1, 7: 6, 8: 23, 9: 45, 10: 120, 11: 250, 12: 470, 13: 773, 14: 1345, 15: 2058, 16: 3057, 17: 4042, 18: 5127, 19: 6232, 20: 7083, 21: 7897, 22: 8307, 23: 8322, 24: 7978, 25: 7294, 26: 6581, 27: 5593, 28: 4511, 29: 3592, 30: 2770, 31: 2068, 32: 1538, 33: 1037, 34: 730, 35: 432, 36: 251, 37: 205, 38: 119, 39: 74, 40: 33, 41: 22, 42: 10, 43: 4}"
100000,"{5: 1, 6: 4, 7: 5, 8: 21, 9: 60, 10: 108, 11: 236, 12: 454, 13: 824, 14: 1346, 15: 1964, 16: 2967, 17: 3982, 18: 5236, 19: 6209, 20: 7212, 21: 7751, 22: 8379, 23: 8297, 24: 7892, 25: 7457, 26: 6548, 27: 5467, 28: 4575, 29: 3657, 30: 2824, 31: 2050, 32: 1548, 33: 1022, 34: 722, 35: 457, 36: 294, 37: 186, 38: 114, 39: 54, 40: 30, 41: 20, 42: 10, 43: 8, 44: 5, 45: 1, 46: 1, 47: 2}"
100000,"{6: 3, 7: 6, 8: 19, 9: 60, 10: 122, 11: 247, 12: 435, 13: 777, 14: 1379, 15: 2187, 16: 3062, 17: 4094, 18: 5164, 19: 6280, 20: 7217, 21: 7903, 22: 8203, 23: 8373, 24: 7967, 25: 7243, 26: 6529, 27: 5413, 28: 4542, 29: 3748, 30: 2726, 31: 2031, 32: 1472, 33: 970, 34: 666, 35: 451, 36: 278, 37: 183, 38: 103, 39: 74, 40: 33, 41: 16, 42: 15, 43: 5, 44: 2, 45: 1, 52: 1}"
100000,"{6: 1, 7: 3, 8: 17, 9: 48, 10: 118, 11: 242, 12: 462, 13: 780, 14: 1332, 15: 2160, 16: 3084, 17: 3987, 18: 5084, 19: 6258, 20: 7205, 21: 7824, 22: 8263, 23: 8423, 24: 7981, 25: 7380, 26: 6611, 27: 5520, 28: 4484, 29: 3541, 30: 2760, 31: 2071, 32: 1461, 33: 1008, 34: 708, 35: 474, 36: 300, 37: 160, 38: 121, 39: 55, 40: 33, 41: 20, 42: 14, 43: 4, 44: 1, 45: 1, 47: 1}"
100000,"{5: 2, 6: 2, 7: 8, 8: 23, 9: 34, 10: 116, 11: 259, 12: 470, 13: 813, 14: 1294, 15: 2046, 16: 2926, 17: 4045, 18: 5094, 19: 6167, 20: 7273, 21: 7896, 22: 8406, 23: 8315, 24: 7972, 25: 7351, 26: 6456, 27: 5678, 28: 4477, 29: 3603, 30: 2818, 31: 2021, 32: 1473, 33: 1047, 34: 732, 35: 430, 36: 318, 37: 165, 38: 116, 39: 68, 40: 36, 41: 23, 42: 17, 43: 6, 44: 3, 45: 1}"
100000,"{6: 2, 7: 8, 8: 24, 9: 54, 10: 102, 11: 250, 12: 459, 13: 886, 14: 1352, 15: 2156, 16: 2883, 17: 3989, 18: 5104, 19: 6320, 20: 7235, 21: 7956, 22: 8331, 23: 8283, 24: 7929, 25: 7370, 26: 6389, 27: 5550, 28: 4559, 29: 3535, 30: 2740, 31: 2069, 32: 1549, 33: 986, 34: 701, 35: 460, 36: 287, 37: 209, 38: 115, 39: 77, 40: 42, 41: 12, 42: 15, 43: 5, 44: 3, 45: 3, 46: 1}"
100000,"{4: 1, 5: 1, 6: 1, 7: 6, 8: 20, 9: 53, 10: 118, 11: 219, 12: 448, 13: 873, 14: 1299, 15: 2061, 16: 2970, 17: 4118, 18: 5100, 19: 6245, 20: 7332, 21: 7804, 22: 8357, 23: 8338, 24: 8033, 25: 7323, 26: 6549, 27: 5448, 28: 4521, 29: 3697, 30: 2700, 31: 2062, 32: 1471, 33: 1010, 34: 668, 35: 441, 36: 297, 37: 168, 38: 104, 39: 62, 40: 41, 41: 21, 42: 9, 43: 5, 44: 4, 45: 1, 48: 1}"
100000,"{6: 2, 7: 6, 8: 24, 9: 48, 10: 104, 11: 235, 12: 443, 13: 849, 14: 1283, 15: 2159, 16: 3049, 17: 4048, 18: 5201, 19: 6342, 20: 7234, 21: 7806, 22: 8275, 23: 8207, 24: 7982, 25: 7442, 26: 6439, 27: 5442, 28: 4487, 29: 3682, 30: 2790, 31: 2040, 32: 1414, 33: 1031, 34: 660, 35: 503, 36: 310, 37: 206, 38: 113, 39: 67, 40: 34, 41: 17, 42: 10, 43: 9, 44: 2, 45: 3, 46: 1, 48: 1}"
100000,"{6: 1, 7: 6, 8: 22, 9: 41, 10: 129, 11: 228, 12: 459, 13: 835, 14: 1354, 15: 2134, 16: 2975, 17: 3998, 18: 5023, 19: 6339, 20: 7239, 21: 8114, 22: 8195, 23: 8355, 24: 7750, 25: 7448, 26: 6518, 27: 5572, 28: 4574, 29: 3653, 30: 2687, 31: 2072, 32: 1440, 33: 1002, 34: 681, 35: 467, 36: 262, 37: 190, 38: 101, 39: 57, 40: 37, 41: 22, 42: 9, 43: 7, 44: 4}"
100000,"{5: 2, 6: 2, 7: 6, 8: 22, 9: 57, 10: 121, 11: 234, 12: 512, 13: 808, 14: 1326, 15: 2088, 16: 3034, 17: 4062, 18: 5270, 19: 6145, 20: 7314, 21: 7911, 22: 8406, 23: 8166, 24: 7972, 25: 7388, 26: 6435, 27: 5342, 28: 4615, 29: 3626, 30: 2756, 31: 2064, 32: 1461, 33: 998, 34: 627, 35: 457, 36: 322, 37: 196, 38: 109, 39: 71, 40: 35, 41: 18, 42: 8, 43: 8, 44: 3, 45: 3}"
100000,"{6: 1, 7: 7, 8: 18, 9: 50, 10: 124, 11: 237, 12: 452, 13: 799, 14: 1313, 15: 2114, 16: 3045, 17: 3983, 18: 5168, 19: 6319, 20: 7170, 21: 7883, 22: 8206, 23: 8277, 24: 8179, 25: 7393, 26: 6417, 27: 5522, 28: 4556, 29: 3559, 30: 2769, 31: 2016, 32: 1425, 33: 1049, 34: 697, 35: 523, 36: 290, 37: 179, 38: 114, 39: 76, 40: 35, 41: 15, 42: 10, 43: 5, 44: 3, 45: 1, 49: 1}"
100000,"{6: 1, 7: 5, 8: 30, 9: 42, 10: 108, 11: 223, 12: 488, 13: 863, 14: 1351, 15: 2062, 16: 2990, 17: 4093, 18: 5060, 19: 6307, 20: 7338, 21: 7967, 22: 8262, 23: 8202, 24: 7864, 25: 7273, 26: 6437, 27: 5512, 28: 4669, 29: 3676, 30: 2711, 31: 2053, 32: 1459, 33: 1046, 34: 721, 35: 464, 36: 294, 37: 157, 38: 105, 39: 73, 40: 40, 41: 25, 42: 13, 43: 9, 44: 5, 45: 2}"
100000,"{6: 1, 7: 10, 8: 17, 9: 51, 10: 107, 11: 259, 12: 443, 13: 816, 14: 1260, 15: 2010, 16: 3045, 17: 3979, 18: 5281, 19: 6268, 20: 7170, 21: 8014, 22: 8225, 23: 8244, 24: 7863, 25: 7252, 26: 6559, 27: 5612, 28: 4634, 29: 3598, 30: 2799, 31: 2090, 32: 1461, 33: 1000, 34: 695, 35: 510, 36: 276, 37: 172, 38: 119, 39: 63, 40: 40, 41: 30, 42: 13, 43: 8, 44: 3, 45: 2, 46: 1}"
100000,"{6: 1, 7: 7, 8: 12, 9: 64, 10: 116, 11: 255, 12: 470, 13: 859, 14: 1349, 15: 2059, 16: 3003, 17: 4065, 18: 5106, 19: 6150, 20: 7226, 21: 7804, 22: 8274, 23: 8349, 24: 8028, 25: 7481, 26: 6537, 27: 5569, 28: 4500, 29: 3493, 30: 2747, 31: 2071, 32: 1565, 33: 1024, 34: 683, 35: 454, 36: 271, 37: 175, 38: 103, 39: 67, 40: 32, 41: 14, 42: 10, 43: 3, 44: 1, 45: 3}"
100000,"{6: 1, 7: 9, 8: 21, 9: 57, 10: 125, 11: 237, 12: 461, 13: 878, 14: 1357, 15: 2112, 16: 3004, 17: 4058, 18: 5106, 19: 6207, 20: 7346, 21: 8046, 22: 8271, 23: 8374, 24: 7913, 25: 7329, 26: 6402, 27: 5536, 28: 4432, 29: 3537, 30: 2806, 31: 2034, 32: 1466, 33: 1011, 34: 719, 35: 418, 36: 286, 37: 170, 38: 106, 39: 70, 40: 42, 41: 27, 42: 13, 43: 6, 44: 4, 47: 1, 48: 1, 51: 1}"
100000,"{6: 4, 7: 7, 8: 23, 9: 52, 10: 123, 11: 239, 12: 515, 13: 812, 14: 1347, 15: 2111, 16: 3043, 17: 4065, 18: 5178, 19: 6287, 20: 7156, 21: 7912, 22: 8387, 23: 8374, 24: 8098, 25: 7331, 26: 6463, 27: 5411, 28: 4423, 29: 3551, 30: 2810, 31: 1956, 32: 1418, 33: 1019, 34: 695, 35: 459, 36: 295, 37: 186, 38: 113, 39: 64, 40: 24, 41: 20, 42: 15, 43: 9, 44: 2, 46: 1, 47: 1, 52: 1}"
